category_raw,pslist.nproc,pslist.nppid,pslist.avg_threads,pslist.nprocs64bit,pslist.avg_handlers,dlllist.ndlls,dlllist.avg_dlls_per_proc,handles.nhandles,handles.avg_handles_per_proc,handles.nport,handles.nfile,handles.nevent,handles.ndesktop,handles.nkey,handles.nthread,handles.ndirectory,handles.nsemaphore,handles.ntimer,handles.nsection,handles.nmutant,ldrmodules.not_in_load,ldrmodules.not_in_init,ldrmodules.not_in_mem,ldrmodules.not_in_load_avg,ldrmodules.not_in_init_avg,ldrmodules.not_in_mem_avg,malfind.ninjections,malfind.commitCharge,malfind.protection,malfind.uniqueInjections,psxview.not_in_pslist,psxview.not_in_eprocess_pool,psxview.not_in_ethread_pool,psxview.not_in_pspcid_list,psxview.not_in_csrss_handles,psxview.not_in_session,psxview.not_in_deskthrd,psxview.not_in_pslist_false_avg,psxview.not_in_eprocess_pool_false_avg,psxview.not_in_ethread_pool_false_avg,psxview.not_in_pspcid_list_false_avg,psxview.not_in_csrss_handles_false_avg,psxview.not_in_session_false_avg,psxview.not_in_deskthrd_false_avg,modules.nmodules,svcscan.nservices,svcscan.kernel_drivers,svcscan.fs_drivers,svcscan.process_services,svcscan.shared_process_services,svcscan.interactive_process_services,svcscan.nactive,callbacks.ncallbacks,callbacks.nanonymous,callbacks.ngeneric,class_raw,binary_label,family,category
Spyware-Transponder-0a3ef655674b58254d63bc342f3f05d26d496722188b980b1e45e51af5a8f2b0-4.raw,40,16,9.875,0,208.925,1557,38.925,8357,208.925,0,642,2927,43,670,709,101,606,123,178,262,45,84,45,0.028142589,0.052532833,0.028142589,3,3,18,1.0,7,0,7,7,11,9,13,0.14893617,0.0,0.14893617,0.14893617,0.234042553,0.191489362,0.276595745,138,389,221,26,24,116,0,122,87,0,8,Malware,1,Spyware,Spyware-Transponder-0a3ef655674b58254d63bc342f3f05d26d496722188b980b1e45e51af5a8f2b0-4.raw
Ransomware-Pysa-7f18abba110346f6eb40a4b680904ada00bb623b7d42b9b0cef4fe02a7594de1-3.raw,44,17,9.613636364,0,200.4545455,1684,38.27272727,8820,200.4545455,0,663,3072,47,699,772,109,661,126,182,269,47,90,47,0.02716763,0.052023121,0.02716763,3,3,18,1.0,3,0,3,3,7,5,9,0.063829787,0.0,0.063829787,0.063829787,0.14893617,0.106382979,0.191489362,138,389,221,26,24,116,0,122,88,0,8,Malware,1,Ransomware,Ransomware-Pysa-7f18abba110346f6eb40a4b680904ada00bb623b7d42b9b0cef4fe02a7594de1-3.raw
Spyware-TIBS-bb4eb5910eeb9ca18d361175e455427f05ce3017c9724a03dd1d0a757a0b588f-10.raw,40,16,9.95,0,212.175,1539,38.475,8488,217.6410256,0,850,2874,42,668,710,97,644,119,170,248,43,81,43,0.027777778,0.052325581,0.027777778,61,18559,366,12.2,0,0,1,0,5,2,7,0.0,0.0,0.025,0.0,0.125,0.05,0.175,138,389,221,26,24,116,0,119,86,0,8,Malware,1,Spyware,Spyware-TIBS-bb4eb5910eeb9ca18d361175e455427f05ce3017c9724a03dd1d0a757a0b588f-10.raw
Benign,42,12,12.82004468,0,292.0238095,2090,49.76190476,12265,292.0238095,0,1108,4460,46,808,1177,104,746,139,414,360,73,113,73,0.035505837,0.054961089,0.035505837,4,5,24,1.333333333,0,0,0,0,4,2,6,0.0,0.0,0.0,0.0,0.095238095,0.047619048,0.142857143,138,395,222,26,27,118,0,123,88,0,8,Benign,0,Benign,Benign
Spyware-180solutions-0bde65dc24eb20f8f362cd4a67d0d13b8d36e51dfe1339fb634f35b3bf9245d8-6.raw,39,15,10.0,0,211.7948718,1528,39.17948718,8260,211.7948718,0,639,2892,42,686,691,100,604,119,177,259,44,82,44,0.028241335,0.052631579,0.028241335,3,3,18,1.0,6,0,6,6,10,8,12,0.133333333,0.0,0.133333333,0.133333333,0.222222222,0.177777778,0.266666667,138,389,221,26,24,116,0,121,86,0,8,Malware,1,Spyware,Spyware-180solutions-0bde65dc24eb20f8f362cd4a67d0d13b8d36e51dfe1339fb634f35b3bf9245d8-6.raw
Spyware-Transponder-0e5f4ef04831c8db04d0b933cf8d05ec1784224323cdf8b86928d1f638c9d86d-9.raw,43,17,9.209302326,0,194.8837209,1577,36.6744186,8380,194.8837209,0,665,2929,46,720,703,107,607,116,179,255,49,91,49,0.030663329,0.056946183,0.030663329,3,3,18,1.0,2,0,2,2,6,4,8,0.044444444,0.0,0.044444444,0.044444444,0.133333333,0.088888889,0.177777778,138,389,221,26,24,116,0,119,87,0,8,Malware,1,Spyware,Spyware-Transponder-0e5f4ef04831c8db04d0b933cf8d05ec1784224323cdf8b86928d1f638c9d86d-9.raw
Trojan-Emotet-1d32ff8f7f50cca3e48cd17603864be0a806b65384a058ebf71b87d610462555-4.raw,44,17,9.340909091,0,198.0,1666,37.86363636,8712,198.0,0,667,3036,47,692,736,109,650,126,181,269,49,92,49,0.028621495,0.053738318,0.028621495,3,3,18,1.0,1,0,1,1,5,3,7,0.022222222,0.0,0.022222222,0.022222222,0.111111111,0.066666667,0.155555556,138,389,221,26,24,116,0,122,87,0,8,Malware,1,Trojan,Trojan-Emotet-1d32ff8f7f50cca3e48cd17603864be0a806b65384a058ebf71b87d610462555-4.raw
Benign,43,12,12.46978909,0,281.8049326,2170,50.46511628,12117,281.8049326,0,1064,4260,47,826,1149,107,759,146,416,379,86,126,86,0.039467646,0.05782469,0.039467646,5,6,30,1.25,0,0,0,0,4,2,6,0.013646942,0.0,0.013646942,0.013646942,0.105400715,0.059523828,0.151277601,138,395,222,26,27,118,0,122,88,0,8,Benign,0,Benign,Benign
Benign,44,17,10.54073985,0,251.5990899,2042,45.49827603,11291,255.1077849,0,866,3750,47,1051,914,107,788,140,338,401,83,126,83,0.03969122,0.060359308,0.03969122,11,76,69,1.7566942,0,0,0,0,4,2,5,0.0,0.0,0.013994972,0.0,0.103112654,0.044558841,0.125392075,138,392,222,26,24,118,0,123,87,0,8,Benign,0,Benign,Benign
Trojan-Reconyc-aff5d0e8bd66210d52528178fcd831a1-1.raw,42,16,10.78571429,0,208.4761905,1614,38.42857143,8756,208.4761905,0,659,3052,45,672,847,104,648,120,176,261,48,89,48,0.028898254,0.053582179,0.028898254,3,3,18,1.0,1,0,1,1,5,3,7,0.023255814,0.0,0.023255814,0.023255814,0.11627907,0.069767442,0.162790698,138,389,221,26,24,116,0,122,86,0,8,Malware,1,Trojan,Trojan-Reconyc-aff5d0e8bd66210d52528178fcd831a1-1.raw
Spyware-180solutions-0e291e71016c56c4feecb295d9d210cdad2f7be301ac686cf3501d633aa3f3e8-2.raw,39,15,10.74358974,0,217.4615385,1551,39.76923077,8481,217.4615385,0,641,2965,42,654,776,99,634,120,179,259,47,85,47,0.029430182,0.053224796,0.029430182,3,3,18,1.0,8,0,8,8,12,10,14,0.170212766,0.0,0.170212766,0.170212766,0.255319149,0.212765957,0.29787234,138,389,221,26,24,116,0,122,86,0,8,Malware,1,Spyware,Spyware-180solutions-0e291e71016c56c4feecb295d9d210cdad2f7be301ac686cf3501d633aa3f3e8-2.raw
Benign,40,12,13.125,0,299.2455776,2000,50.0,11969,299.2455776,0,1086,4415,44,767,1149,100,737,136,406,331,63,101,63,0.032208589,0.051635992,0.032208589,3,4,18,1.5,1,0,1,1,5,3,7,0.024390244,0.0,0.024390244,0.024390244,0.12195122,0.073170732,0.170731707,138,395,222,26,27,118,0,124,88,0,8,Benign,0,Benign,Benign
Trojan-Reconyc-e5aef70efbc2c8e8ca5e6f1f8904ee45-1.raw,42,16,10.78571429,0,209.547619,1631,38.83333333,8801,209.547619,0,665,3059,45,679,838,105,648,120,179,263,49,90,49,0.029184038,0.053603335,0.029184038,3,3,18,1.0,2,0,2,2,6,4,8,0.045454545,0.0,0.045454545,0.045454545,0.136363636,0.090909091,0.181818182,138,389,221,26,24,116,0,122,88,0,8,Malware,1,Trojan,Trojan-Reconyc-e5aef70efbc2c8e8ca5e6f1f8904ee45-1.raw
Benign,43,14,12.69753449,0,285.9218276,2104,48.93023256,12294,285.9218276,0,1132,4366,47,820,1185,107,748,149,470,343,65,104,65,0.031676413,0.050682261,0.031676413,3,4,18,1.5,0,0,0,0,4,2,6,0.0,0.0,0.0,0.0,0.093023256,0.046511628,0.139534884,138,395,222,26,27,118,0,123,88,0,8,Benign,0,Benign,Benign
Ransomware-Conti-0cbf7863d0b74172df64db4e2c7e6560fd7d7e9ee34b3a51e9744f46d6f167b5-2.raw,39,15,10.69230769,0,217.7435897,1558,39.94871795,8492,217.7435897,0,645,2965,42,660,772,99,634,120,177,259,46,84,46,0.028696195,0.052401747,0.028696195,3,3,18,1.0,1,0,1,1,5,3,7,0.025,0.0,0.025,0.025,0.125,0.075,0.175,138,389,221,26,24,116,0,123,86,0,8,Malware,1,Ransomware,Ransomware-Conti-0cbf7863d0b74172df64db4e2c7e6560fd7d7e9ee34b3a51e9744f46d6f167b5-2.raw
Ransomware-Shade-45c6db4f9b95bde5c6807658c697883e7ad1684965a7c44910518e2bbbd92835-1.raw,39,15,11.46153846,0,221.5897436,1566,40.15384615,8642,221.5897436,0,643,3016,42,660,834,99,640,120,178,260,47,85,47,0.029156328,0.052729529,0.029156328,3,3,18,1.0,5,0,5,5,9,7,11,0.113636364,0.0,0.113636364,0.113636364,0.204545455,0.159090909,0.25,138,389,221,26,24,116,0,122,87,0,8,Malware,1,Ransomware,Ransomware-Shade-45c6db4f9b95bde5c6807658c697883e7ad1684965a7c44910518e2bbbd92835-1.raw
Spyware-Gator-fe4669460f540537619b58cbca4e94df3801b339966caf55daa89a8a8c20926e-10.raw,42,18,9.69047619,0,202.5714286,1593,37.92857143,8508,202.5714286,0,656,2950,45,717,731,102,640,122,175,243,56,97,56,0.034589253,0.059913527,0.034589253,3,3,18,1.0,0,0,0,0,4,2,6,0.0,0.0,0.0,0.0,0.095238095,0.047619048,0.142857143,138,389,221,26,24,116,0,119,87,0,8,Malware,1,Spyware,Spyware-Gator-fe4669460f540537619b58cbca4e94df3801b339966caf55daa89a8a8c20926e-10.raw
Spyware-180solutions-0bd4033c889f79ed494bb48d5c033f0a0b471249221e9f5bbfe4ddf2ac0ab988-3.raw,45,18,9.4,0,222.9555556,1681,37.35555556,10033,222.9555556,0,1888,3058,48,702,772,110,653,126,183,269,47,91,47,0.027214823,0.05269253,0.027214823,3,3,18,1.0,0,0,0,0,4,2,6,0.0,0.0,0.0,0.0,0.088888889,0.044444444,0.133333333,138,389,221,26,24,116,0,122,86,0,8,Malware,1,Spyware,Spyware-180solutions-0bd4033c889f79ed494bb48d5c033f0a0b471249221e9f5bbfe4ddf2ac0ab988-3.raw
Benign,42,16,11.47098063,0,281.7176211,2067,49.21428571,11832,281.7176211,0,907,3845,45,1252,953,103,825,135,375,429,102,143,102,0.047819972,0.067041725,0.047819972,12,77,72,2.0,4,0,4,4,8,6,10,0.104257592,0.018948791,0.085308801,0.104257592,0.189566392,0.146911992,0.232220792,138,392,222,26,24,118,0,124,87,0,8,Benign,0,Benign,Benign
Ransomware-Conti-0fe8ef844c16f4a8e62c683e36fe1314a627a66a7f93bcd1cedba257149f1abf-9.raw,42,17,9.380952381,0,198.8571429,1304,36.22222222,8145,208.8461538,0,646,2872,39,668,693,97,605,113,166,231,116,134,116,0.224806202,0.259689922,0.224806202,2,2,12,1.0,2,0,2,2,6,4,16,0.045454545,0.0,0.045454545,0.045454545,0.136363636,0.090909091,0.363636364,138,389,221,26,24,116,0,120,56,0,8,Malware,1,Ransomware,Ransomware-Conti-0fe8ef844c16f4a8e62c683e36fe1314a627a66a7f93bcd1cedba257149f1abf-9.raw
Benign,45,12,13.45412695,0,308.5064087,2360,52.44914684,13882,308.5064087,0,1208,5114,49,926,1354,111,796,149,470,446,100,143,100,0.042523777,0.060796132,0.042523777,7,8,42,1.166666667,0,0,0,0,4,2,6,0.0,0.0,0.0,0.0,0.088888889,0.044444444,0.133333333,138,395,222,26,27,118,0,124,88,0,8,Benign,0,Benign,Benign
Benign,41,13,13.11531878,0,301.3038083,2141,52.2195122,12353,301.3038083,0,1072,4342,45,904,1167,103,766,143,404,403,82,120,82,0.038246269,0.055970149,0.038246269,5,6,30,1.25,0,0,0,0,4,2,6,0.0,0.0,0.0,0.0,0.097560976,0.048780488,0.146341463,138,395,222,26,27,118,0,123,88,0,8,Benign,0,Benign,Benign
Ransomware-Ako-0a69942975f872e984654d632b282558c0f84317ee8bb6ad17d353ea21519bbc-10.raw,37,15,10.24324324,0,215.2702703,1447,39.10810811,7965,215.2702703,0,627,2813,40,674,667,92,596,113,161,230,43,79,43,0.029452055,0.054109589,0.029452055,3,3,18,1.0,0,0,0,0,4,2,6,0.0,0.0,0.0,0.0,0.108108108,0.054054054,0.162162162,138,389,221,26,24,116,0,119,86,0,8,Malware,1,Ransomware,Ransomware-Ako-0a69942975f872e984654d632b282558c0f84317ee8bb6ad17d353ea21519bbc-10.raw
Ransomware-Ako-0b12bcc047c6ae31bc882801fa015fa7d932f1a33a09438ab7d8c1eaa2d85d89-6.raw,41,16,9.512195122,0,201.9512195,1540,37.56097561,8280,201.9512195,0,653,2917,44,695,689,100,610,116,163,243,44,84,44,0.027989822,0.053435115,0.027989822,3,3,18,1.0,3,0,3,3,7,5,9,0.068181818,0.0,0.068181818,0.068181818,0.159090909,0.113636364,0.204545455,138,389,221,26,24,116,0,121,86,0,8,Malware,1,Ransomware,Ransomware-Ako-0b12bcc047c6ae31bc882801fa015fa7d932f1a33a09438ab7d8c1eaa2d85d89-6.raw
Benign,40,12,12.74993049,0,292.2212598,1985,49.625,11688,292.2212598,0,1106,4129,44,803,1090,101,729,141,435,333,64,100,64,0.033126294,0.051759834,0.033126294,3,4,18,1.5,0,0,0,0,4,2,6,0.0,0.0,0.0,0.0,0.1,0.05,0.15,138,395,222,26,27,118,0,123,88,0,8,Benign,0,Benign,Benign
Benign,41,13,14.12195122,0,313.1463415,2117,51.63414634,12839,313.1463415,0,1153,4675,45,827,1274,103,769,139,445,397,69,108,69,0.033189033,0.051948052,0.033189033,5,7,30,1.666666667,0,0,0,0,4,2,6,0.0,0.0,0.0,0.0,0.097560976,0.048780488,0.146341463,138,395,222,26,27,118,0,124,88,0,8,Benign,0,Benign,Benign
Ransomware-Maze-05e8c65ed03bc8e14c82f87b9eebf50f4876f995ed243fe14772d296f41b17b4-1.raw,42,16,11.0,0,213.952381,1654,39.38095238,8987,219.195122,0,675,3063,44,681,872,104,690,126,186,281,46,86,46,0.027090695,0.050647821,0.027090695,57,18517,342,11.4,0,0,1,0,5,2,7,0.0,0.0,0.023809524,0.0,0.119047619,0.047619048,0.166666667,138,389,221,26,24,116,0,122,87,0,8,Malware,1,Ransomware,Ransomware-Maze-05e8c65ed03bc8e14c82f87b9eebf50f4876f995ed243fe14772d296f41b17b4-1.raw
Trojan-Zeus-3d6b824fa35b797290a280d236ded0415cee68c9f6826ba35f206696bf234114-4.raw,44,17,9.431818182,0,201.1363636,1692,38.45454545,8850,201.1363636,0,670,3058,47,736,746,109,664,129,192,272,49,92,49,0.028193326,0.052934407,0.028193326,4,4,24,1.0,0,0,0,0,4,2,6,0.0,0.0,0.0,0.0,0.090909091,0.045454545,0.136363636,138,389,221,26,24,116,0,122,87,0,8,Malware,1,Trojan,Trojan-Zeus-3d6b824fa35b797290a280d236ded0415cee68c9f6826ba35f206696bf234114-4.raw
Trojan-Zeus-3b2a1247e2a95aba6e025b2c13e8e1300f318e33bf996f4ccf88f8e9ffb9aa71-10.raw,38,15,10.18421053,0,208.2894737,1469,38.65789474,7916,213.9459459,0,636,2711,39,628,700,93,616,113,148,247,44,80,44,0.029490617,0.053619303,0.029490617,101,24997,606,25.25,2,0,3,2,7,4,9,0.05,0.0,0.075,0.05,0.175,0.1,0.225,138,389,221,26,24,116,0,119,86,0,8,Malware,1,Trojan,Trojan-Zeus-3b2a1247e2a95aba6e025b2c13e8e1300f318e33bf996f4ccf88f8e9ffb9aa71-10.raw
Spyware-Transponder-1a54c25342d93d98d38d428ee3c012008adc342d43fd2ef5ac92cb7b865fdacb-4.raw,40,16,9.875,0,208.875,1557,38.925,8355,208.875,0,642,2926,43,670,708,101,606,123,178,262,45,84,45,0.028142589,0.052532833,0.028142589,3,3,18,1.0,5,0,5,5,9,7,11,0.111111111,0.0,0.111111111,0.111111111,0.2,0.155555556,0.244444444,138,389,221,26,24,116,0,122,86,0,8,Malware,1,Spyware,Spyware-Transponder-1a54c25342d93d98d38d428ee3c012008adc342d43fd2ef5ac92cb7b865fdacb-4.raw
Benign,40,12,12.56371871,0,282.7025832,1942,48.02389493,11436,293.2342443,0,1073,4001,43,801,1088,99,723,140,412,329,63,98,63,0.033386328,0.051934287,0.033386328,3,4,18,1.5,0,0,1,0,5,2,7,0.0,0.0,0.035787644,0.0,0.134681218,0.049446788,0.184128006,138,395,222,26,27,118,0,122,88,0,8,Benign,0,Benign,Benign
Spyware-CWS-0d48d1db41183ad6ce5ac5fd6555b38e0533c424b790d47206b8074855e01556-2.raw,44,16,10.11363636,0,210.8409091,1705,38.75,9278,215.7674419,0,866,3075,46,731,839,108,698,129,198,285,54,96,54,0.030734206,0.054638589,0.030734206,58,18456,348,9.666666667,0,0,1,0,5,2,7,0.0,0.0,0.022727273,0.0,0.113636364,0.045454545,0.159090909,138,389,221,26,24,116,0,123,87,0,8,Malware,1,Spyware,Spyware-CWS-0d48d1db41183ad6ce5ac5fd6555b38e0533c424b790d47206b8074855e01556-2.raw
Benign,44,18,10.85186916,0,256.077606,1987,44.19876891,11513,261.9260895,0,884,3953,49,1033,949,109,748,140,374,384,83,124,83,0.041128321,0.061919388,0.041128321,6,8,36,1.5,10,0,11,10,15,12,17,0.182575377,0.0,0.200757195,0.182575377,0.273484468,0.218939013,0.309848104,138,392,222,26,24,118,0,126,87,0,8,Benign,0,Benign,Benign
Benign,42,12,12.81932246,0,291.9895142,2090,49.76190476,12263,291.9895142,0,1108,4459,46,808,1176,104,746,139,414,360,73,113,73,0.035505837,0.054961089,0.035505837,4,5,24,1.333333333,0,0,0,0,4,2,6,0.0,0.0,0.0,0.0,0.095238095,0.047619048,0.142857143,138,395,222,26,27,118,0,123,88,0,8,Benign,0,Benign,Benign
Ransomware-Ako-0b3d7b6123395082583b9028869708295cd300bea859b6a1db2c0e2527faf058-5.raw,45,17,9.355555556,0,204.2222222,1722,38.26666667,9191,208.8863636,0,881,3046,47,750,768,110,678,132,201,288,53,96,53,0.030011325,0.054360136,0.030011325,63,18506,378,10.5,1,0,2,1,6,3,8,0.02173913,0.0,0.043478261,0.02173913,0.130434783,0.065217391,0.173913043,138,389,221,26,24,116,0,123,86,0,8,Malware,1,Ransomware,Ransomware-Ako-0b3d7b6123395082583b9028869708295cd300bea859b6a1db2c0e2527faf058-5.raw
Benign,39,12,12.41114816,0,280.5942023,1932,49.53846154,10943,280.5942023,0,942,3852,43,774,1012,98,725,137,332,321,66,102,66,0.034357106,0.053097345,0.034357106,4,5,24,1.333333333,1,0,1,1,5,3,7,0.025,0.0,0.025,0.025,0.125,0.075,0.175,138,395,222,26,27,118,0,124,88,0,8,Benign,0,Benign,Benign
Benign,40,16,10.85080465,0,250.6721405,1765,43.44826537,10182,255.1344617,0,798,3538,44,841,844,100,695,129,305,318,72,110,72,0.040339225,0.061646645,0.040339225,3,5,23,1.5,8,0,8,8,12,10,14,0.161337656,0.0,0.174685449,0.161337656,0.25710049,0.202545177,0.291052043,138,392,222,26,24,118,0,125,87,0,8,Benign,0,Benign,Benign
Benign,41,13,13.2124604,0,291.5144749,2073,50.34987698,12002,291.5144749,0,1053,4177,45,855,1160,105,736,143,397,372,60,98,60,0.029213635,0.047799688,0.029213635,4,5,24,1.333333333,0,0,0,0,4,2,5,0.01965134,0.0,0.01965134,0.01965134,0.114889435,0.067270387,0.138698959,138,395,222,26,27,118,0,123,88,0,8,Benign,0,Benign,Benign
Benign,43,15,13.83726552,0,287.4814688,2148,49.36315473,12511,287.4814688,0,1049,4396,48,870,1265,107,777,151,401,362,53,94,53,0.025088479,0.044263627,0.025088479,4,5,28,1.182920607,0,0,0,0,4,2,6,0.0,0.0,0.0,0.0,0.091913933,0.045956966,0.137870899,138,395,222,26,27,118,0,123,88,0,8,Benign,0,Benign,Benign
Benign,32,11,12.49276705,0,280.9285672,1505,47.05396878,8991,296.8820881,0,705,3085,33,733,766,81,664,122,237,312,59,85,59,0.040424789,0.058587225,0.040424789,3,4,18,1.5,4,0,6,4,10,6,12,0.120567964,0.0,0.16711082,0.120567964,0.277039825,0.175532466,0.332004327,138,395,222,26,27,118,0,124,88,0,8,Benign,0,Benign,Benign
Benign,41,16,10.72408127,0,251.1366556,1767,43.11329523,10297,257.7839401,0,814,3577,44,875,842,100,708,127,320,324,74,112,74,0.041829438,0.063023414,0.041829438,3,4,18,1.5,14,0,15,14,19,16,21,0.254545455,0.0,0.273674752,0.254545455,0.346402024,0.290909091,0.382765661,138,392,222,26,24,118,0,126,87,0,8,Benign,0,Benign,Benign
Benign,42,12,12.84321965,0,291.8611797,2085,49.64574063,12258,291.8611797,0,1108,4469,46,804,1174,104,746,140,410,358,71,111,71,0.034899635,0.054415287,0.034899635,4,5,24,1.333333333,0,0,0,0,4,2,6,0.0,0.0,0.0,0.0,0.095238095,0.047619048,0.142857143,138,395,222,26,27,118,0,123,88,0,8,Benign,0,Benign,Benign
Trojan-Scar-64d990615af5349e67d5924733f6f348-10.raw,37,15,10.0,0,214.1351351,1445,39.05405405,7923,214.1351351,0,625,2799,40,666,654,92,594,113,161,230,42,78,42,0.028865979,0.053608247,0.028865979,3,3,18,1.0,0,0,0,0,4,2,6,0.0,0.0,0.0,0.0,0.108108108,0.054054054,0.162162162,138,389,221,26,24,116,0,119,86,0,8,Malware,1,Trojan,Trojan-Scar-64d990615af5349e67d5924733f6f348-10.raw
Benign,47,18,11.13347527,0,243.9872508,2110,44.25973479,11629,243.9872508,0,852,3919,51,1055,1007,118,779,150,345,400,78,125,78,0.036498948,0.058189599,0.036498948,11,76,71,1.72153312,0,0,0,0,4,2,6,0.001383596,0.0,0.001383596,0.001383596,0.085178127,0.043280862,0.125691798,138,392,222,26,24,118,0,122,87,0,8,Benign,0,Benign,Benign
Benign,42,12,12.27214767,0,277.9349471,2061,49.08139971,11673,277.9349471,0,1036,4115,46,786,1100,104,740,144,394,340,71,110,71,0.034542911,0.053517186,0.034542911,4,5,24,1.333333333,0,0,0,0,4,2,6,0.019554637,0.0,0.019554637,0.019554637,0.112930385,0.066242512,0.15961826,138,395,222,26,27,118,0,123,88,0,8,Benign,0,Benign,Benign
Benign,43,12,13.14938656,0,299.5254349,2223,51.69767442,12879,299.5254349,0,1152,4552,47,888,1239,111,776,145,440,424,80,121,80,0.036429872,0.055100182,0.036429872,5,6,30,1.25,0,0,0,0,4,2,6,0.0,0.0,0.0,0.0,0.093023256,0.046511628,0.139534884,138,395,222,26,27,118,0,123,88,0,8,Benign,0,Benign,Benign
Trojan-Reconyc-27173e0479657d326ce969d924eb6ecb-1.raw,42,17,10.80952381,0,207.7857143,1592,37.9047619,8729,218.225,0,650,3037,43,669,848,102,648,120,180,261,49,88,49,0.02991453,0.053724054,0.02991453,7,113,42,1.75,3,1,4,3,9,5,11,0.066666667,0.022222222,0.088888889,0.066666667,0.2,0.111111111,0.244444444,138,389,221,26,24,116,0,122,86,0,8,Malware,1,Trojan,Trojan-Reconyc-27173e0479657d326ce969d924eb6ecb-1.raw
Ransomware-Shade-9a1a79d850607a914e649d8345b911cf8d84b7fd72d83e254f7d7fd7d6ae54c2-1.raw,43,17,10.55813953,0,206.3953488,1642,38.18604651,8875,206.3953488,0,724,3058,46,689,845,107,650,120,179,263,47,89,47,0.027843602,0.052725118,0.027843602,3,3,18,1.0,3,0,3,3,7,5,9,0.065217391,0.0,0.065217391,0.065217391,0.152173913,0.108695652,0.195652174,138,389,221,26,24,116,0,122,87,0,8,Malware,1,Ransomware,Ransomware-Shade-9a1a79d850607a914e649d8345b911cf8d84b7fd72d83e254f7d7fd7d6ae54c2-1.raw
Benign,41,16,11.36786463,0,260.8931028,1821,44.38170699,10707,267.4341757,0,859,3660,45,888,903,101,725,131,348,387,82,120,82,0.044744785,0.065281654,0.044744785,4,5,24,1.346728223,10,0,11,10,15,12,17,0.196539298,0.0,0.216117409,0.196539298,0.294429848,0.235695519,0.333586067,138,392,222,26,24,118,0,126,87,0,8,Benign,0,Benign,Benign
Ransomware-Shade-0e07b5fbcbc723312b78a1359f9e86792cf189a1b5ae52130b8bad134c8c3ff2-6.raw,44,17,9.159090909,0,196.7727273,1635,37.15909091,8659,201.372093,0,693,2958,46,718,726,108,615,125,232,253,45,88,45,0.027108434,0.053012048,0.027108434,3,3,18,1.0,1,0,2,1,6,3,8,0.022222222,0.0,0.044444444,0.022222222,0.133333333,0.066666667,0.177777778,138,389,221,26,24,116,0,119,86,0,8,Malware,1,Ransomware,Ransomware-Shade-0e07b5fbcbc723312b78a1359f9e86792cf189a1b5ae52130b8bad134c8c3ff2-6.raw
Trojan-Scar-6dd874122efca59148ad7be9036fe17-5.raw,42,17,9.523809524,0,201.8809524,1599,38.07142857,8480,206.8292683,0,665,2943,44,673,716,104,616,126,178,264,48,88,48,0.029304029,0.053724054,0.029304029,4,4,24,1.0,1,0,2,1,6,3,8,0.023255814,0.0,0.046511628,0.023255814,0.139534884,0.069767442,0.186046512,138,389,221,26,24,116,0,122,86,0,8,Malware,1,Trojan,Trojan-Scar-6dd874122efca59148ad7be9036fe17-5.raw
Benign,40,12,13.74018494,0,309.8842055,2092,52.3,12395,309.8842055,0,1104,4337,44,897,1194,101,757,140,416,439,79,116,79,0.037762906,0.055449331,0.037762906,5,6,30,1.25,0,0,0,0,4,2,6,0.0,0.0,0.0,0.0,0.1,0.05,0.15,138,395,222,26,27,118,0,123,88,0,8,Benign,0,Benign,Benign
Trojan-Emotet-0b4116f7cf1bde959fc01758fbb71991e400b45f16a548b7ea8d9ae97127372a-4.raw,43,17,9.581395349,0,202.4883721,1653,38.44186047,8707,202.4883721,0,668,3022,46,705,737,108,638,129,179,269,48,90,48,0.028301887,0.053066038,0.028301887,9,4,54,1.125,0,0,0,0,4,2,6,0.0,0.0,0.0,0.0,0.093023256,0.046511628,0.139534884,138,389,221,26,24,116,0,122,86,0,8,Malware,1,Trojan,Trojan-Emotet-0b4116f7cf1bde959fc01758fbb71991e400b45f16a548b7ea8d9ae97127372a-4.raw
Benign,42,12,13.10995611,0,302.1926377,2177,51.84805135,12692,302.1926377,0,1141,4507,46,877,1213,105,772,142,422,402,79,119,79,0.03675072,0.055358679,0.03675072,5,6,30,1.25,1,0,1,1,5,3,7,0.030116961,0.0,0.030116961,0.030116961,0.122486774,0.076301868,0.168671681,138,395,222,26,27,118,0,123,88,0,8,Benign,0,Benign,Benign
Ransomware-Maze-706d38a27e9eb1f23d9125df399c3492668392a6394ad45c4522407bef0aca58-5.raw,43,17,9.348837209,0,197.6744186,1611,37.46511628,8500,197.6744186,0,659,2972,46,687,711,107,616,123,178,264,47,89,47,0.028484848,0.053939394,0.028484848,4,4,24,1.0,3,0,3,3,7,5,9,0.065217391,0.0,0.065217391,0.065217391,0.152173913,0.108695652,0.195652174,138,389,221,26,24,116,0,122,87,0,8,Malware,1,Ransomware,Ransomware-Maze-706d38a27e9eb1f23d9125df399c3492668392a6394ad45c4522407bef0aca58-5.raw
Trojan-Zeus-2f91a34550e97c26b4afb1f8a9c0502fca2477a4207b507ac1cbf1a59971ece6-1.raw,39,15,11.30769231,0,220.0,1560,40.0,8580,220.0,0,636,3000,42,652,826,99,640,120,176,259,46,84,46,0.028660436,0.052336449,0.028660436,3,3,18,1.0,4,0,4,4,8,6,10,0.093023256,0.0,0.093023256,0.093023256,0.186046512,0.139534884,0.23255814,138,389,221,26,24,116,0,121,87,0,8,Malware,1,Trojan,Trojan-Zeus-2f91a34550e97c26b4afb1f8a9c0502fca2477a4207b507ac1cbf1a59971ece6-1.raw
Benign,44,12,12.5304275,0,286.8863636,2153,48.93181818,12623,286.8863636,0,1129,4693,48,791,1206,108,750,143,427,347,74,116,74,0.03490566,0.054716981,0.03490566,4,5,24,1.333333333,0,0,0,0,4,2,6,0.017324516,0.0,0.017324516,0.017324516,0.106658651,0.061991584,0.151325719,138,395,222,26,27,118,0,125,88,0,8,Benign,0,Benign,Benign
Benign,39,12,12.88966491,0,282.6433537,1932,49.53846154,11023,282.6433537,0,943,3881,43,774,1050,98,726,137,332,321,66,102,66,0.034684447,0.053418333,0.034684447,4,5,24,1.333333333,0,0,0,0,4,2,6,0.008711646,0.0,0.008711646,0.008711646,0.110382246,0.059546946,0.161217546,138,395,222,26,27,118,0,124,88,0,8,Benign,0,Benign,Benign
Trojan-Scar-d19c8c5da2c01692ce3eab45f1b0fa0e-2.raw,42,16,10.0952381,0,205.8809524,1606,38.23809524,8647,205.8809524,0,661,3022,45,679,784,105,643,120,176,262,49,90,49,0.029625151,0.054413543,0.029625151,3,3,18,1.0,2,0,2,2,6,4,8,0.045454545,0.0,0.045454545,0.045454545,0.136363636,0.090909091,0.181818182,138,389,221,26,24,116,0,122,86,0,8,Malware,1,Trojan,Trojan-Scar-d19c8c5da2c01692ce3eab45f1b0fa0e-2.raw
Benign,51,17,11.52771875,0,262.7520845,2396,46.54239488,13527,262.7520845,0,1122,4717,58,1030,1240,123,801,153,457,438,110,159,110,0.044808773,0.064971527,0.044808773,8,10,51,1.227066433,1,0,1,1,5,3,7,0.028288981,0.0,0.028288981,0.028288981,0.103758835,0.066023908,0.141493762,138,392,222,26,24,118,0,126,87,0,8,Benign,0,Benign,Benign
Ransomware-Ako-0ba6a868032b8160e4beb03655da69a35eca494c20a417efa6242d35d5719ab4-9.raw,40,16,10.075,0,214.5,1548,38.7,8581,220.025641,0,854,2896,42,698,722,97,652,119,172,252,44,82,44,0.028169014,0.052496799,0.028169014,62,18505,372,12.4,11,0,12,11,16,13,18,0.215686275,0.0,0.235294118,0.215686275,0.31372549,0.254901961,0.352941176,138,389,221,26,24,116,0,119,86,0,8,Malware,1,Ransomware,Ransomware-Ako-0ba6a868032b8160e4beb03655da69a35eca494c20a417efa6242d35d5719ab4-9.raw
Benign,41,13,13.12195122,0,301.8536585,2141,52.2195122,12376,301.8536585,0,1075,4346,45,904,1173,103,766,143,406,403,82,120,82,0.038246269,0.055970149,0.038246269,5,6,30,1.25,0,0,0,0,4,2,6,0.0,0.0,0.0,0.0,0.097560976,0.048780488,0.146341463,138,395,222,26,27,118,0,123,88,0,8,Benign,0,Benign,Benign
Benign,42,12,12.54388688,0,279.4737455,2052,48.87348805,11737,279.4737455,0,1041,4158,46,785,1123,104,739,144,399,342,66,105,66,0.032723996,0.051818074,0.032723996,3,4,19,1.464864623,0,0,0,0,4,2,6,0.009582375,0.0,0.009582375,0.009582375,0.103907863,0.05674512,0.151070608,138,395,222,26,27,118,0,123,88,0,8,Benign,0,Benign,Benign
Spyware-CWS-0b17efb0e0348fce60a5c6a46ce247f45b9f6593717338c3468b43f4b406bd92-9.raw,37,15,10.18918919,0,215.1891892,1444,39.02702703,7962,215.1891892,0,627,2816,40,672,668,92,594,113,165,230,42,78,42,0.028826356,0.05353466,0.028826356,3,3,18,1.0,0,0,0,0,4,2,6,0.0,0.0,0.0,0.0,0.108108108,0.054054054,0.162162162,138,389,221,26,24,116,0,119,86,0,8,Malware,1,Spyware,Spyware-CWS-0b17efb0e0348fce60a5c6a46ce247f45b9f6593717338c3468b43f4b406bd92-9.raw
Ransomware-Shade-4e0b9b3cc4c1d076f8d95a04a70dedce71377459f671f46ca115a4e5cb1e9036-2.raw,41,16,10.46341463,0,212.4146341,1621,39.53658537,8709,212.4146341,0,652,3040,44,674,793,103,643,126,183,267,47,87,47,0.028194361,0.052189562,0.028194361,3,3,18,1.0,2,0,2,2,6,4,8,0.046511628,0.0,0.046511628,0.046511628,0.139534884,0.093023256,0.186046512,138,389,221,26,24,116,0,123,87,0,8,Malware,1,Ransomware,Ransomware-Shade-4e0b9b3cc4c1d076f8d95a04a70dedce71377459f671f46ca115a4e5cb1e9036-2.raw
Benign,41,12,13.52145397,0,307.8208667,2149,52.41463415,12620,307.8208667,0,1091,4430,45,930,1223,103,776,143,416,410,87,125,87,0.040352505,0.057977737,0.040352505,6,7,36,1.2,0,0,0,0,4,2,6,0.0,0.0,0.0,0.0,0.097560976,0.048780488,0.146341463,138,395,222,26,27,118,0,123,88,0,8,Benign,0,Benign,Benign
Benign,43,17,10.67774879,0,251.8994044,1891,43.81874541,10876,257.8970292,0,819,3779,48,954,888,105,743,137,345,358,83,123,83,0.043342639,0.064234024,0.043342639,5,6,30,1.25,8,0,9,8,13,10,15,0.156326305,0.0,0.175867093,0.156326305,0.254030246,0.195407881,0.293111822,138,392,222,26,24,118,0,126,87,0,8,Benign,0,Benign,Benign
Ransomware-Ako-0acd718a6de77908ef03b9d1b71d7f079b95d56e369dd843b76b94491b489d5a-7.raw,40,16,9.9,0,214.125,1548,38.7,8566,219.6410256,0,848,2890,42,693,709,97,652,119,172,252,44,82,44,0.028132992,0.052429668,0.028132992,62,18505,372,12.4,4,0,5,4,9,6,11,0.090909091,0.0,0.113636364,0.090909091,0.204545455,0.136363636,0.25,138,389,221,26,24,116,0,119,86,0,8,Malware,1,Ransomware,Ransomware-Ako-0acd718a6de77908ef03b9d1b71d7f079b95d56e369dd843b76b94491b489d5a-7.raw
Benign,50,17,11.8764301,0,271.771258,2356,47.12,13588,271.771258,0,1188,4718,56,1024,1258,125,808,150,537,439,93,141,93,0.038782319,0.058798999,0.038782319,5,6,30,1.25,3,0,3,3,7,5,9,0.056603774,0.0,0.056603774,0.056603774,0.132075472,0.094339623,0.169811321,138,392,222,26,24,118,0,126,87,0,8,Benign,0,Benign,Benign
Trojan-Refroso-078763252c998b1f2e17c40a9c1a7ffc-10.raw,40,17,9.675,0,206.725,1572,39.3,8269,206.725,0,641,2884,43,692,685,99,612,122,165,243,48,87,48,0.0302267,0.054785894,0.0302267,7,30,42,1.75,0,0,0,0,4,2,7,0.0,0.0,0.0,0.0,0.1,0.05,0.175,138,389,221,26,24,116,0,119,86,0,8,Malware,1,Trojan,Trojan-Refroso-078763252c998b1f2e17c40a9c1a7ffc-10.raw
Benign,43,12,12.78116506,0,292.9470779,2121,49.3255814,12596,292.9470779,0,1121,4695,47,794,1197,110,745,141,446,357,69,110,69,0.0331253,0.052808449,0.0331253,3,4,18,1.5,0,0,0,0,4,2,6,0.0,0.0,0.0,0.0,0.093023256,0.046511628,0.139534884,138,395,222,26,27,118,0,124,88,0,8,Benign,0,Benign,Benign
Benign,40,12,13.88066541,0,305.5616649,2070,51.75,12222,305.5616649,0,1077,4212,44,870,1192,101,735,140,491,399,74,112,74,0.036327933,0.054982818,0.036327933,5,6,30,1.25,1,0,1,1,5,3,6,0.024390244,0.0,0.024390244,0.024390244,0.12195122,0.073170732,0.146341463,138,395,222,26,27,118,0,123,88,0,8,Benign,0,Benign,Benign
Ransomware-Ako-0a7b74c4bbd657a80b12bb35c54858d551f109e98ef0fc4a1ebf0069f5f63c1c-1.raw,42,16,11.02380952,0,212.952381,1646,39.19047619,8945,218.1707317,0,652,3062,44,671,875,104,690,126,184,279,47,87,47,0.027794205,0.051448847,0.027794205,47,849,282,9.4,9,0,10,9,14,11,16,0.176470588,0.0,0.196078431,0.176470588,0.274509804,0.215686275,0.31372549,138,389,221,26,24,116,0,122,87,0,8,Malware,1,Ransomware,Ransomware-Ako-0a7b74c4bbd657a80b12bb35c54858d551f109e98ef0fc4a1ebf0069f5f63c1c-1.raw
Spyware-180solutions-1aa7675896516b0309d0c5ffc5fb997977f2fa60600532294277047bcbeeae60-3.raw,32,13,11.09375,0,185.96875,1171,36.59375,5951,185.96875,0,552,1875,33,441,586,81,406,92,87,186,36,67,36,0.029850746,0.055555556,0.029850746,2,2,12,1.0,1,0,1,1,5,3,6,0.03030303,0.0,0.03030303,0.03030303,0.151515152,0.090909091,0.181818182,137,385,220,26,23,114,0,115,88,0,8,Malware,1,Spyware,Spyware-180solutions-1aa7675896516b0309d0c5ffc5fb997977f2fa60600532294277047bcbeeae60-3.raw
Benign,43,12,12.52509994,0,281.0607861,2087,48.55120291,12085,281.0607861,0,1058,4337,47,817,1141,107,739,146,419,363,70,110,70,0.033919382,0.053138156,0.033919382,4,5,27,1.293563363,1,0,1,1,5,3,7,0.029204957,0.0,0.029204957,0.029204957,0.119511473,0.074358215,0.164664731,138,395,222,26,27,118,0,124,88,0,8,Benign,0,Benign,Benign
Trojan-Emotet-001ef4cc95a83b911b3e98dde1d1a77fa020cf7f643bb8a7d9d702c6989b732a-8.raw,40,16,9.55,0,204.475,1504,37.6,8179,204.475,0,653,2865,43,692,699,98,604,113,163,232,47,86,47,0.030819672,0.056393443,0.030819672,4,4,24,1.0,1,0,1,1,5,3,7,0.024390244,0.0,0.024390244,0.024390244,0.12195122,0.073170732,0.170731707,138,389,221,26,24,116,0,119,87,0,8,Malware,1,Trojan,Trojan-Emotet-001ef4cc95a83b911b3e98dde1d1a77fa020cf7f643bb8a7d9d702c6989b732a-8.raw
Benign,42,16,11.2108117,0,280.7448737,2067,49.21428571,11791,280.7448737,0,907,3829,45,1252,928,103,825,135,375,429,102,143,102,0.047819972,0.067041725,0.047819972,12,77,72,2.0,4,0,4,4,8,6,10,0.086956522,0.0,0.086956522,0.086956522,0.173913043,0.130434783,0.217391304,138,392,222,26,24,118,0,124,87,0,8,Benign,0,Benign,Benign
Benign,50,22,11.19659276,0,274.0425203,2448,48.96,13702,274.0425203,0,999,4544,55,1320,1132,120,993,157,441,466,109,158,109,0.043236811,0.062673542,0.043236811,16,81,96,1.777777778,0,0,0,0,4,2,6,0.019190288,0.0,0.019190288,0.019190288,0.097655066,0.058422677,0.136887454,138,393,222,26,25,118,0,127,87,0,8,Benign,0,Benign,Benign
Benign,51,20,11.37308797,0,252.7621055,2293,44.55344079,13013,253.6721576,0,1079,4532,59,1023,1202,122,792,156,446,390,86,136,86,0.037349689,0.058616202,0.037349689,5,6,35,1.208209107,6,0,6,6,10,8,12,0.104374696,0.0,0.107359825,0.104374696,0.176942955,0.13916626,0.211734521,138,392,222,26,24,118,0,126,87,0,8,Benign,0,Benign,Benign
Trojan-Reconyc-8d756f09840240da948f8bb5212787f5-7.raw,41,16,9.487804878,0,202.6097561,1546,37.70731707,8307,202.6097561,0,655,2910,44,702,691,104,607,116,176,255,46,86,46,0.029299363,0.05477707,0.029299363,3,3,18,1.0,5,0,5,5,9,7,11,0.108695652,0.0,0.108695652,0.108695652,0.195652174,0.152173913,0.239130435,138,389,221,26,24,116,0,119,87,0,8,Malware,1,Trojan,Trojan-Reconyc-8d756f09840240da948f8bb5212787f5-7.raw
Spyware-CWS-0e3b1c6cfe0c4198b18228d30bc39070cf2b153997132c9da8aee96718f6836f-1.raw,42,16,11.0,0,212.8809524,1646,39.19047619,8942,218.097561,0,652,3061,44,671,873,104,690,126,184,279,47,87,47,0.027794205,0.051448847,0.027794205,47,849,282,9.4,9,0,10,9,14,11,16,0.176470588,0.0,0.196078431,0.176470588,0.274509804,0.215686275,0.31372549,138,389,221,26,24,116,0,122,87,0,8,Malware,1,Spyware,Spyware-CWS-0e3b1c6cfe0c4198b18228d30bc39070cf2b153997132c9da8aee96718f6836f-1.raw
Trojan-Scar-6b4d10ba208f81e42230551218a258c-6.raw,41,16,9.365853659,0,202.1219512,1562,38.09756098,8287,202.1219512,0,652,2909,44,703,685,100,606,119,164,234,48,88,48,0.030283912,0.055520505,0.030283912,3,3,18,1.0,4,0,4,4,8,6,10,0.088888889,0.0,0.088888889,0.088888889,0.177777778,0.133333333,0.222222222,138,389,221,26,24,116,0,119,87,0,8,Malware,1,Trojan,Trojan-Scar-6b4d10ba208f81e42230551218a258c-6.raw
Benign,40,12,13.21890553,0,300.5567166,2001,50.025,12022,300.5567166,0,1123,4333,44,795,1156,101,738,138,452,336,63,99,63,0.032357473,0.050847458,0.032357473,3,4,18,1.5,2,0,2,2,6,4,8,0.047619048,0.0,0.047619048,0.047619048,0.142857143,0.095238095,0.19047619,138,395,222,26,27,118,0,123,88,0,8,Benign,0,Benign,Benign
Benign,39,12,12.62621584,0,287.2762802,1941,49.07187506,11366,291.457848,0,1026,4018,43,801,1064,99,723,140,395,329,63,98,63,0.033386328,0.051934287,0.033386328,3,4,18,1.5,0,0,0,0,4,2,6,0.0,0.0,0.014299092,0.0,0.115396621,0.050548764,0.165945386,138,395,222,26,27,118,0,123,88,0,8,Benign,0,Benign,Benign
Benign,40,12,13.29387531,0,300.9326284,2001,50.025,12037,300.9326284,0,1125,4339,44,795,1162,101,738,138,449,336,63,99,63,0.032357473,0.050847458,0.032357473,3,4,18,1.5,2,0,2,2,6,4,8,0.047619048,0.0,0.047619048,0.047619048,0.142857143,0.095238095,0.19047619,138,395,222,26,27,118,0,123,88,0,8,Benign,0,Benign,Benign
Benign,44,12,12.72727273,0,283.9794621,2133,48.47727273,12495,283.9794621,0,1158,4455,48,828,1219,109,746,151,460,350,73,113,73,0.03494495,0.054092867,0.03494495,4,5,24,1.333333333,0,0,0,0,4,2,6,0.0,0.0,0.0,0.0,0.090909091,0.045454545,0.136363636,138,395,222,26,27,118,0,124,88,0,8,Benign,0,Benign,Benign
Benign,42,12,12.90480306,0,298.2141704,2160,51.42859613,12525,305.512077,0,1077,4404,45,922,1189,104,776,144,422,396,80,117,80,0.037541199,0.054903927,0.037541199,5,6,30,1.25,0,0,1,0,5,2,7,0.023247773,0.0,0.046503778,0.023247773,0.1395278,0.069759783,0.186039811,138,395,222,26,27,118,0,125,88,0,8,Benign,0,Benign,Benign
Benign,43,12,12.48043666,0,284.2436479,2168,50.41860465,12222,284.2436479,0,1071,4339,47,826,1162,107,759,146,420,377,86,126,86,0.039503904,0.057877814,0.039503904,5,6,30,1.25,0,0,0,0,4,2,6,0.0,0.0,0.0,0.0,0.093023256,0.046511628,0.139534884,138,395,222,26,27,118,0,122,88,0,8,Benign,0,Benign,Benign
Benign,41,12,13.22905628,0,295.7009549,2029,49.48780488,12123,295.7009549,0,1134,4358,45,805,1176,103,736,142,451,337,65,102,65,0.032878098,0.051593323,0.032878098,3,4,18,1.5,0,0,0,0,4,2,6,0.0,0.0,0.0,0.0,0.097560976,0.048780488,0.146341463,138,395,222,26,27,118,0,123,88,0,8,Benign,0,Benign,Benign
Benign,41,16,11.1143438,0,258.6860628,1821,44.41463415,10607,265.1782144,0,854,3629,45,888,877,101,722,131,345,386,83,121,83,0.044977195,0.0654921,0.044977195,4,5,24,1.333333333,10,0,11,10,15,12,17,0.196078431,0.0,0.215686275,0.196078431,0.294117647,0.235294118,0.333333333,138,392,222,26,24,118,0,126,87,0,8,Benign,0,Benign,Benign
Spyware-Gator-1cd77abfe5af87626a8bcc081a1985dd4b6b6092bd113e060315bdc785b792d0-2.raw,37,16,11.51351351,0,180.4594595,1292,34.91891892,6677,180.4594595,0,599,2056,38,475,720,91,444,107,104,197,48,84,48,0.035847647,0.062733383,0.035847647,2,2,12,1.0,0,0,0,0,4,2,5,0.0,0.0,0.0,0.0,0.108108108,0.054054054,0.135135135,137,385,220,26,23,114,0,115,88,0,8,Malware,1,Spyware,Spyware-Gator-1cd77abfe5af87626a8bcc081a1985dd4b6b6092bd113e060315bdc785b792d0-2.raw
Benign,41,12,13.10313363,0,304.4097046,2157,51.9004652,12655,308.6631036,0,1096,4501,45,932,1207,103,768,143,405,424,88,126,88,0.040627886,0.058171745,0.040627886,6,7,36,1.2,0,0,0,0,4,2,6,0.0,0.0,0.013743349,0.0,0.10996351,0.048110081,0.158073591,138,395,222,26,27,118,0,123,88,0,8,Benign,0,Benign,Benign
Benign,40,12,13.14895958,0,301.1751207,2092,51.73636496,12179,301.1751207,0,1063,4254,44,899,1158,101,758,139,409,394,80,117,80,0.038250298,0.05617759,0.038250298,4,5,29,1.256936898,0,0,0,0,4,2,6,0.008161056,0.0,0.008161056,0.008161056,0.106365624,0.05726334,0.155467908,138,394,222,26,26,118,0,123,87,0,8,Benign,0,Benign,Benign
Trojan-Zeus-4aeb2fbe483af6054e3a96f273d34225e531538866541a43d50031a8b97a8621-4.raw,44,17,9.431818182,0,201.1136364,1692,38.45454545,8849,201.1136364,0,670,3057,47,736,746,109,664,129,192,272,49,92,49,0.028193326,0.052934407,0.028193326,4,4,24,1.0,1,0,1,1,5,3,7,0.022222222,0.0,0.022222222,0.022222222,0.111111111,0.066666667,0.155555556,138,389,221,26,24,116,0,122,86,0,8,Malware,1,Trojan,Trojan-Zeus-4aeb2fbe483af6054e3a96f273d34225e531538866541a43d50031a8b97a8621-4.raw
Benign,41,14,13.63239044,0,297.2031238,2064,50.34146341,12185,297.2031238,0,1084,4227,45,868,1195,102,748,145,415,391,64,103,64,0.031667491,0.050964869,0.031667491,4,5,24,1.333333333,0,0,0,0,4,2,5,0.0,0.0,0.0,0.0,0.097560976,0.048780488,0.12195122,138,395,222,26,27,118,0,123,88,0,8,Benign,0,Benign,Benign
Benign,45,12,13.52893202,0,308.7850786,2360,52.44444444,13895,308.7850786,0,1211,5121,49,926,1360,111,796,149,470,446,100,143,100,0.042498938,0.060773481,0.042498938,7,8,42,1.166666667,0,0,0,0,4,2,6,0.0,0.0,0.0,0.0,0.088888889,0.044444444,0.133333333,138,395,222,26,27,118,0,124,88,0,8,Benign,0,Benign,Benign
Spyware-CWS-0ae0688ca4e26d57f14d89c0df11e2d9478587173857fad7f8210dd9bc71758c-3.raw,44,17,9.568181818,0,199.8181818,1675,38.06818182,8792,199.8181818,0,664,3059,47,691,768,109,657,126,183,270,48,91,48,0.027874564,0.052845528,0.027874564,3,3,18,1.0,2,0,2,2,6,4,8,0.043478261,0.0,0.043478261,0.043478261,0.130434783,0.086956522,0.173913043,138,389,221,26,24,116,0,122,87,0,8,Malware,1,Spyware,Spyware-CWS-0ae0688ca4e26d57f14d89c0df11e2d9478587173857fad7f8210dd9bc71758c-3.raw
Benign,42,12,13.03510114,0,297.8468387,2136,50.87383341,12510,305.135786,0,1080,4390,45,917,1192,104,774,144,457,385,72,109,72,0.034371057,0.051991157,0.034371057,4,5,24,1.333333333,0,0,1,0,5,2,7,0.0,0.0,0.023809524,0.0,0.119047619,0.047619048,0.166666667,138,395,222,26,27,118,0,125,88,0,8,Benign,0,Benign,Benign
Trojan-Emotet-1d2dd88d0b8e8523402f64f1cce5edc2dc9ea08c1ef94287df099130d895f8da-5.raw,43,17,9.488372093,0,200.5813953,1619,37.65116279,8627,210.4146341,0,659,2987,44,694,736,105,631,129,181,271,48,88,48,0.028968014,0.053108027,0.028968014,5,3,30,1.0,1,0,3,1,7,3,9,0.022727273,0.0,0.068181818,0.022727273,0.159090909,0.068181818,0.204545455,138,389,221,26,24,116,0,122,87,0,8,Malware,1,Trojan,Trojan-Emotet-1d2dd88d0b8e8523402f64f1cce5edc2dc9ea08c1ef94287df099130d895f8da-5.raw
Benign,46,12,12.43490177,0,279.2899231,2172,47.93622269,12894,289.9976046,0,1163,4689,48,844,1259,113,755,147,482,371,62,101,62,0.029477796,0.047722915,0.029477796,4,5,24,1.374559888,0,0,2,0,6,2,8,0.018256673,0.0,0.054770021,0.018256673,0.139863024,0.060803175,0.182409526,138,395,222,26,27,118,0,123,88,0,8,Benign,0,Benign,Benign
Spyware-Transponder-0dd3487fac8c3a7b615f22274adcf988348a86eebf50a66fadc9f7ac3668ed6b-8.raw,40,16,9.575,0,203.65,1500,37.5,8146,203.65,0,646,2871,43,696,677,98,602,113,162,234,44,83,44,0.029023747,0.05474934,0.029023747,3,3,18,1.0,5,0,5,5,9,7,11,0.111111111,0.0,0.111111111,0.111111111,0.2,0.155555556,0.244444444,138,389,221,26,24,116,0,119,86,0,8,Malware,1,Spyware,Spyware-Transponder-0dd3487fac8c3a7b615f22274adcf988348a86eebf50a66fadc9f7ac3668ed6b-8.raw
Benign,44,18,11.08601737,0,264.0297503,1990,45.24721519,11618,270.1932329,0,904,3987,49,1004,962,108,766,139,384,411,87,127,87,0.043810514,0.063956255,0.043810514,6,8,40,1.424613732,10,0,11,10,15,12,17,0.188831664,0.0,0.207267308,0.188831664,0.281009884,0.225702952,0.317881172,138,392,222,26,24,118,0,126,87,0,8,Benign,0,Benign,Benign
Benign,42,12,13.41934627,0,303.8687407,2194,52.24345444,12762,303.8687407,0,1098,4485,46,943,1232,105,772,147,415,430,89,128,89,0.040556922,0.058252022,0.040556922,7,8,42,1.166666667,1,0,1,1,5,3,7,0.023255814,0.0,0.023255814,0.023255814,0.11627907,0.069767442,0.162790698,138,395,222,26,27,118,0,123,88,0,8,Benign,0,Benign,Benign
Spyware-180solutions-0f3f46bebdfc260bbf76568e3e697f6707bdc386e65307148e1bd2a15f3426af-6.raw,42,16,9.833333333,0,211.2619048,1628,38.76190476,8874,216.4390244,0,863,2973,44,712,751,105,660,125,187,279,46,86,46,0.027710843,0.051807229,0.027710843,62,18505,372,12.4,1,0,2,1,6,3,8,0.023255814,0.0,0.046511628,0.023255814,0.139534884,0.069767442,0.186046512,138,389,221,26,24,116,0,121,87,0,8,Malware,1,Spyware,Spyware-180solutions-0f3f46bebdfc260bbf76568e3e697f6707bdc386e65307148e1bd2a15f3426af-6.raw
Spyware-180solutions-00fd951b1dd8b5143e2ab06ec221b1613157bf315d37907de73efa2e9d999173-8.raw,36,14,10.61111111,0,213.75,1400,38.88888889,7695,213.75,0,609,2735,39,642,646,89,534,110,145,218,41,76,41,0.028472222,0.052777778,0.028472222,3,3,18,1.0,0,0,0,0,4,2,5,0.0,0.0,0.0,0.0,0.111111111,0.055555556,0.138888889,138,389,221,26,24,116,0,118,88,0,8,Malware,1,Spyware,Spyware-180solutions-00fd951b1dd8b5143e2ab06ec221b1613157bf315d37907de73efa2e9d999173-8.raw
Trojan-Emotet-2b2c2e59c718503180da57e0327cf56fa6e3e2a841f8165a442e14805b21f6ff-7.raw,43,17,9.325581395,0,197.2790698,1580,36.74418605,8441,200.9761905,0,670,2944,46,683,718,107,607,122,182,256,47,78,47,0.038211382,0.063414634,0.038211382,3,3,18,1.0,2,0,2,2,6,4,11,0.044444444,0.0,0.044444444,0.044444444,0.133333333,0.088888889,0.244444444,138,389,221,26,24,116,0,120,56,0,8,Malware,1,Trojan,Trojan-Emotet-2b2c2e59c718503180da57e0327cf56fa6e3e2a841f8165a442e14805b21f6ff-7.raw
Benign,40,12,13.69038942,0,304.4442836,2070,51.75,12177,304.4442836,0,1075,4197,44,870,1178,101,735,140,475,399,74,112,74,0.036327933,0.054982818,0.036327933,5,6,30,1.25,1,0,1,1,5,3,6,0.024390244,0.0,0.024390244,0.024390244,0.12195122,0.073170732,0.146341463,138,395,222,26,27,118,0,123,88,0,8,Benign,0,Benign,Benign
Benign,40,12,13.54256856,0,304.657176,2083,51.81838533,12247,304.657176,0,1077,4263,44,891,1181,101,757,141,414,401,76,114,76,0.036934832,0.054972219,0.036934832,4,5,28,1.267110894,1,0,1,1,5,3,7,0.037841394,0.0,0.037841394,0.037841394,0.133556448,0.085698921,0.176405908,138,395,222,26,27,118,0,123,88,0,8,Benign,0,Benign,Benign
Trojan-Zeus-03e95207666604fa7b75f9157c31d626e6bef17146f7101e07c208245962be27-5.raw,40,16,9.775,0,208.25,1556,38.9,8330,208.25,0,637,2921,43,662,703,101,608,123,177,262,45,84,45,0.028248588,0.052730697,0.028248588,3,3,18,1.0,5,0,5,5,9,7,11,0.111111111,0.0,0.111111111,0.111111111,0.2,0.155555556,0.244444444,138,389,221,26,24,116,0,121,86,0,8,Malware,1,Trojan,Trojan-Zeus-03e95207666604fa7b75f9157c31d626e6bef17146f7101e07c208245962be27-5.raw
Benign,46,12,12.02173913,0,272.7976798,2238,48.65217391,12548,272.7976798,0,1092,4476,50,844,1185,113,760,153,432,385,87,130,87,0.038701068,0.057829181,0.038701068,6,7,36,1.2,0,0,0,0,4,2,6,0.0,0.0,0.0,0.0,0.086956522,0.043478261,0.130434783,138,395,222,26,27,118,0,124,88,0,8,Benign,0,Benign,Benign
Benign,42,17,10.94808464,0,254.0032364,1860,44.29618064,10668,255.0440761,0,818,3685,46,915,878,103,722,134,311,348,76,117,76,0.040316289,0.061746606,0.040316289,5,7,33,1.472045575,7,0,7,7,11,9,13,0.14849501,0.0,0.151783766,0.14849501,0.232879479,0.189042866,0.273427335,138,392,222,26,24,118,0,124,87,0,8,Benign,0,Benign,Benign
Trojan-Scar-8f73ca425b6833d254acb3182b3dd557-10.raw,37,15,10.16216216,0,214.6756757,1445,39.05405405,7943,214.6756757,0,623,2810,40,668,662,92,594,113,162,230,42,78,42,0.028846154,0.053571429,0.028846154,3,3,18,1.0,0,0,0,0,4,2,6,0.0,0.0,0.0,0.0,0.108108108,0.054054054,0.162162162,138,389,221,26,24,116,0,119,86,0,8,Malware,1,Trojan,Trojan-Scar-8f73ca425b6833d254acb3182b3dd557-10.raw
Benign,43,14,12.6278929,0,285.3023467,2104,48.93023256,12268,285.3023467,0,1130,4356,47,820,1176,107,748,149,468,343,65,104,65,0.031676413,0.050682261,0.031676413,3,4,18,1.5,0,0,0,0,4,2,6,0.0,0.0,0.0,0.0,0.093023256,0.046511628,0.139534884,138,395,222,26,27,118,0,123,88,0,8,Benign,0,Benign,Benign
Spyware-Transponder-0c4fc01dee0c861532ed46f6a675300b6a5e298fb01c6f97bfff710540421d17-2.raw,43,17,10.44186047,0,213.1162791,1680,39.06976744,9165,218.2142857,0,864,3068,45,687,842,106,691,129,189,284,47,88,47,0.027246377,0.051014493,0.027246377,58,18459,348,11.6,0,0,1,0,5,2,7,0.0,0.0,0.023255814,0.0,0.11627907,0.046511628,0.162790698,138,389,221,26,24,116,0,122,86,0,8,Malware,1,Spyware,Spyware-Transponder-0c4fc01dee0c861532ed46f6a675300b6a5e298fb01c6f97bfff710540421d17-2.raw
Spyware-Gator-1f8165127230d7b9a29a364ab33141c80a30c5b36a4ef3fa21b44311c5dc3068-10.raw,37,15,10.05405405,0,214.1621622,1444,39.02702703,7924,214.1621622,0,622,2808,40,664,660,92,594,113,160,230,42,78,42,0.028885832,0.053645117,0.028885832,3,3,18,1.0,0,0,0,0,4,2,6,0.0,0.0,0.0,0.0,0.108108108,0.054054054,0.162162162,138,389,221,26,24,116,0,118,86,0,8,Malware,1,Spyware,Spyware-Gator-1f8165127230d7b9a29a364ab33141c80a30c5b36a4ef3fa21b44311c5dc3068-10.raw
Benign,42,17,10.8659698,0,252.5329617,1799,42.85147503,10607,258.7166924,0,813,3732,47,890,881,103,716,133,342,332,73,112,73,0.040093365,0.061513106,0.040093365,4,5,24,1.333333333,8,0,9,8,13,10,15,0.172240213,0.0,0.19194878,0.172240213,0.270783045,0.211657347,0.310200178,138,392,222,26,24,118,0,126,87,0,8,Benign,0,Benign,Benign
Benign,42,12,13.31876882,0,306.2082692,2194,52.23809524,12860,306.2082692,0,1146,4594,46,877,1240,105,780,142,437,403,79,119,79,0.036472761,0.054939982,0.036472761,5,6,30,1.25,0,0,0,0,4,2,6,0.0,0.0,0.0,0.0,0.095238095,0.047619048,0.142857143,138,395,222,26,27,118,0,125,88,0,8,Benign,0,Benign,Benign
Ransomware-Shade-3d7a1a2e3c0ee8a69d12877355f587ccba6baf434ecbeaa4800d52bb3a5218d7-7.raw,41,16,9.43902439,0,203.4878049,1551,37.82926829,8343,203.4878049,0,660,2910,44,702,711,104,606,116,177,254,48,88,48,0.03043754,0.055802156,0.03043754,4,4,24,1.0,2,0,2,2,6,4,8,0.046511628,0.0,0.046511628,0.046511628,0.139534884,0.093023256,0.186046512,138,389,221,26,24,116,0,119,86,0,8,Malware,1,Ransomware,Ransomware-Shade-3d7a1a2e3c0ee8a69d12877355f587ccba6baf434ecbeaa4800d52bb3a5218d7-7.raw
Trojan-Reconyc-64c1aa3a3c8328e2088a0-10.raw,40,16,9.5,0,203.375,1501,37.525,8135,203.375,0,649,2871,43,699,668,98,604,113,163,235,46,85,46,0.030343008,0.056068602,0.030343008,3,3,18,1.0,0,0,0,0,4,2,6,0.0,0.0,0.0,0.0,0.1,0.05,0.15,138,389,221,26,24,116,0,119,86,0,8,Malware,1,Trojan,Trojan-Reconyc-64c1aa3a3c8328e2088a0-10.raw
Ransomware-Maze-00e7917e903b40b6ac8224e26ad0555dbf1ead2bc8b3595705a06297338485b3-8.raw,40,16,10.025,0,214.2,1548,38.7,8569,219.7179487,0,853,2887,42,696,719,97,650,119,172,252,43,81,43,0.027564103,0.051923077,0.027564103,61,18559,366,12.2,6,0,7,6,11,8,13,0.130434783,0.0,0.152173913,0.130434783,0.239130435,0.173913043,0.282608696,138,389,221,26,24,116,0,119,86,0,8,Malware,1,Ransomware,Ransomware-Maze-00e7917e903b40b6ac8224e26ad0555dbf1ead2bc8b3595705a06297338485b3-8.raw
Benign,31,11,13.68167639,0,303.4481443,1570,50.38701721,9458,314.3910288,0,737,3201,33,756,842,82,686,123,260,342,56,83,56,0.036574385,0.054039583,0.036574385,3,4,18,1.5,7,0,8,7,12,9,14,0.200592646,0.0,0.228501451,0.200592646,0.331065554,0.251874697,0.380079826,138,395,222,26,27,118,0,123,88,0,8,Benign,0,Benign,Benign
Ransomware-Conti-0af3b79d0da5de56da9bd8a6088278e0949209bca84bb2f10c5ed50fcb04b3b9-8.raw,38,15,9.921052632,0,213.5,1490,39.21052632,8113,213.5,0,634,2847,41,675,676,98,598,116,176,252,44,81,44,0.029177719,0.053713528,0.029177719,3,3,18,1.0,3,0,3,3,7,5,9,0.073170732,0.0,0.073170732,0.073170732,0.170731707,0.12195122,0.219512195,138,389,221,26,24,116,0,118,87,0,8,Malware,1,Ransomware,Ransomware-Conti-0af3b79d0da5de56da9bd8a6088278e0949209bca84bb2f10c5ed50fcb04b3b9-8.raw
Trojan-Zeus-0d168ba39b2c9dec9d66e0048a9539c09e3c2a2565e29c9ede180c0d0848aff8-5.raw,40,16,9.775,0,207.925,1555,38.875,8317,207.925,0,639,2917,43,661,699,101,606,123,177,262,45,84,45,0.028266332,0.052763819,0.028266332,3,3,18,1.0,3,0,3,3,7,5,9,0.069767442,0.0,0.069767442,0.069767442,0.162790698,0.11627907,0.209302326,138,389,221,26,24,116,0,121,87,0,8,Malware,1,Trojan,Trojan-Zeus-0d168ba39b2c9dec9d66e0048a9539c09e3c2a2565e29c9ede180c0d0848aff8-5.raw
Ransomware-Shade-0784a07e9a2714db9335ce4d941ca626469e73e685b71ad2ae033517d44fd5ea-4.raw,32,13,10.34375,0,182.5625,1177,36.78125,5842,182.5625,0,557,1835,33,435,523,81,406,92,87,186,36,67,36,0.02970297,0.055280528,0.02970297,2,2,12,1.0,0,0,0,0,4,2,5,0.0,0.0,0.0,0.0,0.125,0.0625,0.15625,137,385,220,26,23,114,0,116,88,0,8,Malware,1,Ransomware,Ransomware-Shade-0784a07e9a2714db9335ce4d941ca626469e73e685b71ad2ae033517d44fd5ea-4.raw
Benign,41,12,13.52418405,0,307.6109933,2160,52.6874631,12612,307.6109933,0,1090,4424,45,930,1220,103,774,143,417,414,88,126,88,0.040593097,0.058119669,0.040593097,6,7,36,1.2,0,0,0,0,4,2,6,0.0,0.0,0.0,0.0,0.097560976,0.048780488,0.146341463,138,395,222,26,27,118,0,123,88,0,8,Benign,0,Benign,Benign
Ransomware-Pysa-8dcae7de38ce62c357315c183031f588ec75f531aaf8e38b6b5595492b9c67a5-7.raw,40,16,10.0,0,214.175,1548,38.7,8568,219.6923077,0,854,2887,42,693,717,97,652,119,173,252,44,82,44,0.02818706,0.052530429,0.02818706,61,18559,366,12.2,0,0,1,0,5,2,7,0.0,0.0,0.025,0.0,0.125,0.05,0.175,138,389,221,26,24,116,0,119,87,0,8,Malware,1,Ransomware,Ransomware-Pysa-8dcae7de38ce62c357315c183031f588ec75f531aaf8e38b6b5595492b9c67a5-7.raw
Benign,40,12,13.3088266,0,304.8264798,2091,52.275,12193,304.8264798,0,1071,4255,44,897,1163,101,757,140,408,398,80,117,80,0.038240918,0.055927342,0.038240918,5,6,30,1.25,0,0,0,0,4,2,6,0.0,0.0,0.0,0.0,0.1,0.05,0.15,138,395,222,26,27,118,0,123,88,0,8,Benign,0,Benign,Benign
Benign,44,14,13.44077626,0,286.831387,2161,48.65019128,12742,286.831387,0,1055,4553,49,926,1260,109,748,154,406,375,58,99,58,0.027337758,0.046329068,0.027337758,5,6,30,1.243365767,0,0,0,0,4,2,6,0.0,0.0,0.0,0.0,0.090039542,0.045019771,0.135059312,138,395,222,26,27,118,0,123,88,0,8,Benign,0,Benign,Benign
Trojan-Scar-df5d3bf13dfce228f328f746372b2d71-2.raw,32,13,12.46875,0,194.96875,1177,36.78125,6239,194.96875,0,569,1949,33,433,672,81,406,98,90,186,36,67,36,0.02970297,0.055280528,0.02970297,2,2,12,1.0,0,0,0,0,4,2,5,0.0,0.0,0.0,0.0,0.125,0.0625,0.15625,137,385,220,26,23,114,0,116,89,1,8,Malware,1,Trojan,Trojan-Scar-df5d3bf13dfce228f328f746372b2d71-2.raw
Ransomware-Ako-0ac296db1c7565e1e7ff7c94fb5c6d49f3c8f2db7c2b6e024440e2b37738ae3c-2.raw,35,14,11.51428571,0,184.3714286,1239,35.4,6453,184.3714286,0,588,1998,36,484,669,87,428,95,95,191,37,71,37,0.029019608,0.055686275,0.029019608,2,2,12,1.0,0,0,0,0,4,2,5,0.0,0.0,0.0,0.0,0.114285714,0.057142857,0.142857143,137,385,220,26,23,114,0,116,88,0,8,Malware,1,Ransomware,Ransomware-Ako-0ac296db1c7565e1e7ff7c94fb5c6d49f3c8f2db7c2b6e024440e2b37738ae3c-2.raw
Benign,41,12,12.68190688,0,288.3306135,2031,49.53658537,11821,288.3306135,0,1117,4116,45,814,1117,107,733,144,446,354,65,102,65,0.032844871,0.051541182,0.032844871,3,4,18,1.5,0,0,0,0,4,2,6,0.0,0.0,0.0,0.0,0.097560976,0.048780488,0.146341463,138,395,222,26,27,118,0,122,88,0,8,Benign,0,Benign,Benign
Benign,42,12,12.81992193,0,299.9372977,2181,50.75710865,12891,299.9372977,0,1139,4644,46,868,1209,106,840,143,440,387,70,111,70,0.032649863,0.051758742,0.032649863,5,6,30,1.25,1,0,1,1,5,3,7,0.022737613,0.0,0.022737613,0.022737613,0.113688062,0.068212837,0.159163287,138,395,222,26,27,118,0,124,88,0,8,Benign,0,Benign,Benign
Spyware-180solutions-0a0db04556aca9a5372cd33a9e0a234973aeec2ac37c2dcce7f5176a0eb5926b-8.raw,38,15,10.02631579,0,214.3421053,1493,39.28947368,8145,214.3421053,0,638,2849,41,684,681,98,598,116,178,252,44,81,44,0.029119788,0.053606883,0.029119788,3,3,18,1.0,2,0,2,2,6,4,8,0.05,0.0,0.05,0.05,0.15,0.1,0.2,138,389,221,26,24,116,0,119,86,0,8,Malware,1,Spyware,Spyware-180solutions-0a0db04556aca9a5372cd33a9e0a234973aeec2ac37c2dcce7f5176a0eb5926b-8.raw
Benign,39,12,13.30099986,0,302.6856152,1995,51.15719238,11804,302.6856152,0,1046,4154,43,864,1125,99,751,137,367,352,62,98,62,0.031358578,0.049566785,0.031358578,4,5,24,1.333333333,0,0,0,0,4,2,6,0.0,0.0,0.0,0.0,0.102564103,0.051282051,0.153846154,138,395,222,26,27,118,0,123,88,0,8,Benign,0,Benign,Benign
Spyware-Transponder-0b56cb94f25a0f043ebdb16c732d575aa17eae409bc44920df2aeee0d1df20b6-10.raw,37,15,10.16216216,0,214.8918919,1445,39.05405405,7951,214.8918919,0,626,2817,40,666,664,92,594,113,162,230,42,78,42,0.028885832,0.053645117,0.028885832,3,3,18,1.0,0,0,0,0,4,2,6,0.0,0.0,0.0,0.0,0.108108108,0.054054054,0.162162162,138,389,221,26,24,116,0,119,86,0,8,Malware,1,Spyware,Spyware-Transponder-0b56cb94f25a0f043ebdb16c732d575aa17eae409bc44920df2aeee0d1df20b6-10.raw
Spyware-Transponder-1b7cc61e3447fe16c787c43a086ca60577e675bec8b34e3ab9ee60d00fb9400d-7.raw,39,16,9.666666667,0,205.1282051,1466,37.58974359,8001,210.5526316,0,625,2813,41,674,664,95,602,113,163,231,42,78,42,0.028436019,0.052809749,0.028436019,4,54,24,1.0,3,0,4,3,8,5,10,0.071428571,0.0,0.095238095,0.071428571,0.19047619,0.119047619,0.238095238,138,389,221,26,24,116,0,119,87,0,8,Malware,1,Spyware,Spyware-Transponder-1b7cc61e3447fe16c787c43a086ca60577e675bec8b34e3ab9ee60d00fb9400d-7.raw
Spyware-Transponder-0d5c256a6f3cfafaf59e8fb10bb8227fd2cfec90945df53f241195867df36975-10.raw,35,14,10.31428571,0,214.2285714,1375,39.28571429,7498,214.2285714,0,617,2629,37,595,634,88,570,107,137,223,42,76,42,0.030064424,0.054402291,0.030064424,2,2,12,1.0,2,0,2,2,6,4,8,0.054054054,0.0,0.054054054,0.054054054,0.162162162,0.108108108,0.216216216,138,389,221,26,24,116,0,118,86,0,8,Malware,1,Spyware,Spyware-Transponder-0d5c256a6f3cfafaf59e8fb10bb8227fd2cfec90945df53f241195867df36975-10.raw
Trojan-Refroso-9e245f1ada5ca5280e604483a9fd8382-7.raw,37,15,10.24324324,0,215.5135135,1445,39.05405405,7974,215.5135135,0,629,2819,40,667,674,92,596,113,161,230,43,79,43,0.029492455,0.054183813,0.029492455,3,3,18,1.0,0,0,0,0,4,2,6,0.0,0.0,0.0,0.0,0.108108108,0.054054054,0.162162162,138,389,221,26,24,116,0,119,86,0,8,Malware,1,Trojan,Trojan-Refroso-9e245f1ada5ca5280e604483a9fd8382-7.raw
Trojan-Refroso-fe4836c6b190e0af3ee267e9ebfd8526-9.raw,40,16,9.85,0,207.425,1536,38.4,8298,212.7692308,0,649,2890,42,691,704,101,612,119,179,256,47,84,47,0.030283505,0.054123711,0.030283505,5,31,30,1.25,0,0,1,0,5,2,7,0.0,0.0,0.025,0.0,0.125,0.05,0.175,138,389,221,26,24,116,0,119,87,0,8,Malware,1,Trojan,Trojan-Refroso-fe4836c6b190e0af3ee267e9ebfd8526-9.raw
Benign,44,12,13.48021752,0,292.1893698,2154,48.95454545,12856,292.1893698,0,1160,4739,48,791,1301,108,752,143,447,354,74,116,74,0.034889203,0.054691183,0.034889203,4,5,24,1.333333333,0,0,0,0,4,2,6,0.0,0.0,0.0,0.0,0.090909091,0.045454545,0.136363636,138,395,222,26,27,118,0,125,88,0,8,Benign,0,Benign,Benign
Benign,42,12,13.058557,0,297.8288312,2160,51.44787878,12509,305.1173393,0,1077,4376,45,922,1199,104,778,144,422,396,81,118,81,0.037978065,0.05532607,0.037978065,5,6,30,1.25,0,0,1,0,5,2,7,0.0,0.0,0.023809524,0.0,0.119047619,0.047619048,0.166666667,138,395,222,26,27,118,0,125,88,0,8,Benign,0,Benign,Benign
Benign,41,12,13.48760609,0,307.5529118,2149,52.41463415,12609,307.5529118,0,1089,4428,45,930,1223,103,775,143,416,410,87,125,87,0.040650313,0.058270075,0.040650313,6,7,36,1.2,0,0,0,0,4,2,6,0.0,0.0,0.0,0.0,0.097560976,0.048780488,0.146341463,138,395,222,26,27,118,0,123,88,0,8,Benign,0,Benign,Benign
Spyware-CWS-0dcbf86b698eb62d0a85a4e0fdcc52d8c658ed0c9e105a6a43f7637456407b42-2.raw,42,16,10.26190476,0,210.8095238,1648,39.23809524,8854,210.8095238,0,672,3066,45,702,801,105,655,123,181,268,51,92,51,0.030035336,0.05418139,0.030035336,3,3,18,1.0,1,0,1,1,5,3,7,0.023255814,0.0,0.023255814,0.023255814,0.11627907,0.069767442,0.162790698,138,389,221,26,24,116,0,122,86,0,8,Malware,1,Spyware,Spyware-CWS-0dcbf86b698eb62d0a85a4e0fdcc52d8c658ed0c9e105a6a43f7637456407b42-2.raw
Benign,44,13,12.56818182,0,279.8181818,2196,49.90909091,12312,279.8181818,0,1079,4318,48,835,1185,109,763,151,426,387,86,127,86,0.039002268,0.057596372,0.039002268,5,6,30,1.25,0,0,0,0,4,2,6,0.0,0.0,0.0,0.0,0.090909091,0.045454545,0.136363636,138,395,222,26,27,118,0,122,88,0,8,Benign,0,Benign,Benign
Ransomware-Shade-7ee7f55faff9a682e776679a33365bf353aa677f63daf10160c130df05d4ac6d-9.raw,38,15,9.157894737,0,954.1842105,1351,35.55263158,36259,954.1842105,0,30290,2093,39,490,623,93,463,97,93,198,42,79,42,0.030172414,0.056752874,0.030172414,2,2,12,1.0,0,0,0,0,4,2,5,0.0,0.0,0.0,0.0,0.105263158,0.052631579,0.131578947,138,378,219,26,21,110,0,116,88,0,8,Malware,1,Ransomware,Ransomware-Shade-7ee7f55faff9a682e776679a33365bf353aa677f63daf10160c130df05d4ac6d-9.raw
Trojan-Refroso-952684e4501aa065fde9f1110aa8db6b-5.raw,43,18,9.627906977,0,204.3023256,1697,39.46511628,8785,204.3023256,0,656,3033,46,687,746,108,670,132,181,275,50,92,50,0.0287687,0.052934407,0.0287687,14,113,84,2.8,0,0,0,0,4,2,6,0.0,0.0,0.0,0.0,0.093023256,0.046511628,0.139534884,138,389,221,26,24,116,0,122,87,0,8,Malware,1,Trojan,Trojan-Refroso-952684e4501aa065fde9f1110aa8db6b-5.raw
Benign,42,12,13.07142857,0,297.8095238,2160,51.42857143,12509,305.097561,0,1077,4375,45,922,1201,104,778,144,422,396,81,118,81,0.037992495,0.055347092,0.037992495,5,6,30,1.25,0,0,1,0,5,2,7,0.0,0.0,0.023809524,0.0,0.119047619,0.047619048,0.166666667,138,395,222,26,27,118,0,125,88,0,8,Benign,0,Benign,Benign
Benign,42,16,11.42777984,0,281.3456339,2067,49.21428571,11816,281.3456339,0,907,3835,45,1252,943,103,825,135,375,429,102,143,102,0.047819972,0.067041725,0.047819972,12,77,72,2.0,4,0,4,4,8,6,10,0.096992681,0.010991984,0.086000697,0.096992681,0.182993378,0.139993029,0.225993726,138,392,222,26,24,118,0,124,87,0,8,Benign,0,Benign,Benign
Benign,40,12,13.2280971,0,300.5842913,2001,50.025,12023,300.5842913,0,1123,4333,44,795,1157,101,738,138,452,336,63,99,63,0.032357473,0.050847458,0.032357473,3,4,18,1.5,2,0,2,2,6,4,8,0.047619048,0.0,0.047619048,0.047619048,0.142857143,0.095238095,0.19047619,138,395,222,26,27,118,0,123,88,0,8,Benign,0,Benign,Benign
Benign,41,12,13.42773116,0,309.592581,2157,52.6097561,12693,309.592581,0,1094,4518,45,932,1223,103,768,143,405,424,88,126,88,0.040627886,0.058171745,0.040627886,6,7,36,1.2,0,0,0,0,4,2,6,0.0,0.0,0.0,0.0,0.097560976,0.048780488,0.146341463,138,395,222,26,27,118,0,123,88,0,8,Benign,0,Benign,Benign
Trojan-Reconyc-47243386a8f43872b0880-2.raw,42,16,10.28571429,0,206.9761905,1607,38.26190476,8693,206.9761905,0,663,3034,45,686,799,105,642,120,179,264,50,91,50,0.030193237,0.054951691,0.030193237,3,3,18,1.0,2,0,2,2,6,4,8,0.045454545,0.0,0.045454545,0.045454545,0.136363636,0.090909091,0.181818182,138,389,221,26,24,116,0,122,86,0,8,Malware,1,Trojan,Trojan-Reconyc-47243386a8f43872b0880-2.raw
Benign,41,12,12.90637543,0,291.7049574,2067,50.41463415,11959,291.7049574,0,1056,4301,45,803,1132,103,748,142,410,360,75,113,75,0.036319613,0.05472155,0.036319613,4,5,24,1.333333333,0,0,0,0,4,2,6,0.0,0.0,0.0,0.0,0.097560976,0.048780488,0.146341463,138,395,222,26,27,118,0,123,88,0,8,Benign,0,Benign,Benign
Trojan-Emotet-0a8b3c84f1e02d45c863ae05c407475c652232d7f84610472626dbb5ae71b12a-9.raw,37,15,10.18918919,0,215.6756757,1446,39.08108108,7980,215.6756757,0,629,2823,40,671,670,92,594,113,161,231,43,79,43,0.029472241,0.054146676,0.029472241,3,3,18,1.0,1,0,1,1,5,3,7,0.026315789,0.0,0.026315789,0.026315789,0.131578947,0.078947368,0.184210526,138,389,221,26,24,116,0,119,86,0,8,Malware,1,Trojan,Trojan-Emotet-0a8b3c84f1e02d45c863ae05c407475c652232d7f84610472626dbb5ae71b12a-9.raw
Trojan-Scar-c43bfe578911565d85e80f9cfc047d62-6.raw,42,16,9.404761905,0,200.5952381,1594,37.95238095,8425,200.5952381,0,664,2953,45,687,705,106,608,119,180,259,49,90,49,0.03006135,0.055214724,0.03006135,4,4,24,1.0,2,0,2,2,6,4,8,0.045454545,0.0,0.045454545,0.045454545,0.136363636,0.090909091,0.181818182,138,389,221,26,24,116,0,121,87,0,8,Malware,1,Trojan,Trojan-Scar-c43bfe578911565d85e80f9cfc047d62-6.raw
Trojan-Zeus-2a95af0c2dbdd5d20bcdd1d684d05b0da75e61e2677234ff8cd7f1c245a60c68-6.raw,43,18,9.558139535,0,200.9069767,1627,37.8372093,8639,200.9069767,0,665,2971,46,720,739,108,640,125,189,259,58,100,58,0.034981906,0.060313631,0.034981906,3,3,18,1.0,0,0,0,0,4,2,6,0.0,0.0,0.0,0.0,0.093023256,0.046511628,0.139534884,138,389,221,26,24,116,0,119,86,0,8,Malware,1,Trojan,Trojan-Zeus-2a95af0c2dbdd5d20bcdd1d684d05b0da75e61e2677234ff8cd7f1c245a60c68-6.raw
Spyware-Transponder-0dd3487fac8c3a7b615f22274adcf988348a86eebf50a66fadc9f7ac3668ed6b-3.raw,44,17,9.681818182,0,199.6136364,1660,37.72727273,8783,199.6136364,0,664,3066,47,698,771,109,648,126,182,271,47,90,47,0.027565982,0.052785924,0.027565982,3,3,18,1.0,0,0,0,0,4,2,6,0.0,0.0,0.0,0.0,0.090909091,0.045454545,0.136363636,138,389,221,26,24,116,0,122,86,0,8,Malware,1,Spyware,Spyware-Transponder-0dd3487fac8c3a7b615f22274adcf988348a86eebf50a66fadc9f7ac3668ed6b-3.raw
Spyware-Transponder-0d6cb07f431305d856f301a4a4b2b30b68b89a39edd74972d333455a6ede338a-3.raw,41,16,10.09756098,0,210.1219512,1615,39.3902439,8615,210.1219512,0,645,3007,44,670,758,103,643,126,181,267,46,86,46,0.027710843,0.051807229,0.027710843,3,3,18,1.0,5,0,5,5,9,7,11,0.108695652,0.0,0.108695652,0.108695652,0.195652174,0.152173913,0.239130435,138,389,221,26,24,116,0,122,86,0,8,Malware,1,Spyware,Spyware-Transponder-0d6cb07f431305d856f301a4a4b2b30b68b89a39edd74972d333455a6ede338a-3.raw
Benign,41,12,13.10213251,0,295.5415466,2027,49.43902439,12117,295.5415466,0,1107,4422,45,793,1158,102,738,140,418,357,64,103,64,0.032722736,0.052370555,0.032722736,3,4,18,1.5,0,0,0,0,4,2,6,0.000557836,0.0,0.000557836,0.000557836,0.098064389,0.049311112,0.146817664,138,395,222,26,27,118,0,123,88,0,8,Benign,0,Benign,Benign
Ransomware-Ako-0c4d37bf94eeca0cecfe0516b5d64378d697eb5e3af01c0be83a2b250f5362f8-5.raw,45,18,9.177777778,0,197.3777778,1697,37.71111111,8882,197.3777778,0,676,3051,48,752,736,111,635,132,195,271,51,95,51,0.029310345,0.054597701,0.029310345,3,3,18,1.0,1,0,1,1,5,3,7,0.02173913,0.0,0.02173913,0.02173913,0.108695652,0.065217391,0.152173913,138,389,221,26,24,116,0,122,87,0,8,Malware,1,Ransomware,Ransomware-Ako-0c4d37bf94eeca0cecfe0516b5d64378d697eb5e3af01c0be83a2b250f5362f8-5.raw
Benign,39,12,13.34044297,0,298.2703771,1992,51.07692308,11632,298.2703771,0,1043,4060,43,834,1113,99,723,137,363,350,60,96,60,0.030425963,0.048681542,0.030425963,4,5,24,1.333333333,3,0,3,3,7,5,8,0.071428571,0.0,0.071428571,0.071428571,0.166666667,0.119047619,0.19047619,138,395,222,26,27,118,0,123,88,0,8,Benign,0,Benign,Benign
Spyware-TIBS-ac14dc6ad5a32d706a006d3b15a02bc31d1894c7668adbbcf5140cba7183ee5c-1.raw,48,19,10.02083333,0,199.5,1799,37.47916667,9580,217.7272727,0,690,3240,47,825,901,110,688,131,218,286,55,98,55,0.029745809,0.053001622,0.029745809,5,21,30,1.25,1,0,5,1,9,3,11,0.020408163,0.0,0.102040816,0.020408163,0.183673469,0.06122449,0.224489796,138,389,221,26,24,116,0,122,86,0,8,Malware,1,Spyware,Spyware-TIBS-ac14dc6ad5a32d706a006d3b15a02bc31d1894c7668adbbcf5140cba7183ee5c-1.raw
Ransomware-Conti-0b1495ac48c9885ee6cd6d6de9961f2943655013c25b63fb81ca4a66a3e6a020-2.raw,44,17,9.840909091,0,202.3181818,1678,38.13636364,8902,202.3181818,0,664,3098,47,698,798,109,653,126,207,269,47,90,47,0.027262181,0.052204176,0.027262181,3,3,18,1.0,0,0,0,0,4,2,6,0.0,0.0,0.0,0.0,0.090909091,0.045454545,0.136363636,138,389,221,26,24,116,0,122,88,0,8,Malware,1,Ransomware,Ransomware-Conti-0b1495ac48c9885ee6cd6d6de9961f2943655013c25b63fb81ca4a66a3e6a020-2.raw
Benign,41,12,13.80197407,0,311.9639939,2157,52.6097561,12790,311.9639939,0,1101,4553,45,932,1255,103,768,143,410,424,88,126,88,0.040627886,0.058171745,0.040627886,6,7,36,1.2,0,0,0,0,4,2,6,0.0,0.0,0.0,0.0,0.097560976,0.048780488,0.146341463,138,395,222,26,27,118,0,123,88,0,8,Benign,0,Benign,Benign
Benign,43,12,12.65652458,0,281.85316,2144,49.8749407,12119,281.85316,0,1068,4237,47,837,1154,106,761,148,413,363,77,117,77,0.036226273,0.054872963,0.036226273,5,7,34,1.421469933,0,0,0,0,4,2,6,0.0,0.0,0.0,0.0,0.093023256,0.046511628,0.139534884,138,395,222,26,27,118,0,122,88,0,8,Benign,0,Benign,Benign
Benign,42,12,13.85714286,0,308.2778871,2193,52.21428571,12947,308.2778871,0,1133,4514,46,943,1265,105,772,147,437,461,89,128,89,0.040417802,0.058128974,0.040417802,7,8,42,1.166666667,0,0,0,0,4,2,6,0.0,0.0,0.0,0.0,0.095238095,0.047619048,0.142857143,138,395,222,26,27,118,0,124,88,0,8,Benign,0,Benign,Benign
Benign,42,12,12.88095238,0,290.1904762,2054,48.9047619,12188,290.1904762,0,1134,4363,46,813,1177,105,736,145,454,338,66,104,66,0.032950574,0.051922117,0.032950574,3,4,18,1.5,1,0,1,1,5,3,7,0.023255814,0.0,0.023255814,0.023255814,0.11627907,0.069767442,0.162790698,138,395,222,26,27,118,0,123,88,0,8,Benign,0,Benign,Benign
Ransomware-Pysa-4221dd25ed5a81f256d337936ca029b23835349334d1c39841f8181a2b9c5651-3.raw,41,16,10.56097561,0,212.2439024,1610,39.26829268,8702,212.2439024,0,647,3046,44,675,793,103,642,126,181,268,46,86,46,0.027794562,0.051963746,0.027794562,3,3,18,1.0,4,0,4,4,8,6,10,0.088888889,0.0,0.088888889,0.088888889,0.177777778,0.133333333,0.222222222,138,389,221,26,24,116,0,122,88,0,8,Malware,1,Ransomware,Ransomware-Pysa-4221dd25ed5a81f256d337936ca029b23835349334d1c39841f8181a2b9c5651-3.raw
Ransomware-Conti-0edebeea3576f96d983e114fca4c04b5f3214c8e1dfa26f31fcae8c8cf6734ad-1.raw,42,16,10.66666667,0,208.8333333,1618,38.52380952,8771,208.8333333,0,660,3050,45,684,830,105,648,120,179,261,47,88,47,0.028245192,0.052884615,0.028245192,3,3,18,1.0,3,0,3,3,7,5,9,0.066666667,0.0,0.066666667,0.066666667,0.155555556,0.111111111,0.2,138,389,221,26,24,116,0,122,86,0,8,Malware,1,Ransomware,Ransomware-Conti-0edebeea3576f96d983e114fca4c04b5f3214c8e1dfa26f31fcae8c8cf6734ad-1.raw
Ransomware-Shade-7a4df7b2139f4b9ebdbe350b08d3964d870d558a0b1009bc9cc022418dea57ef-7.raw,38,15,10.07894737,0,214.3421053,1493,39.28947368,8145,214.3421053,0,634,2856,41,680,682,98,600,116,176,252,44,81,44,0.029062087,0.053500661,0.029062087,3,3,18,1.0,4,0,4,4,8,6,10,0.095238095,0.0,0.095238095,0.095238095,0.19047619,0.142857143,0.238095238,138,389,221,26,24,116,0,119,86,0,8,Malware,1,Ransomware,Ransomware-Shade-7a4df7b2139f4b9ebdbe350b08d3964d870d558a0b1009bc9cc022418dea57ef-7.raw
Benign,41,12,12.93528173,0,294.8546257,2029,49.48780488,12089,294.8546257,0,1129,4347,45,805,1156,103,736,142,451,337,65,102,65,0.032878098,0.051593323,0.032878098,3,4,18,1.5,0,0,0,0,4,2,6,0.0,0.0,0.0,0.0,0.097560976,0.048780488,0.146341463,138,395,222,26,27,118,0,122,88,0,8,Benign,0,Benign,Benign
Benign,44,12,12.67525958,0,287.9811366,2153,48.93181818,12671,287.9811366,0,1135,4707,48,791,1222,108,750,143,429,347,74,116,74,0.03490566,0.054716981,0.03490566,4,5,24,1.333333333,0,0,0,0,4,2,6,0.0,0.0,0.0,0.0,0.090909091,0.045454545,0.136363636,138,395,222,26,27,118,0,125,88,0,8,Benign,0,Benign,Benign
Spyware-CWS-0a70a9d210cfb2786ade6404e9acfe249e5c0960d5645657141f911a49f38a18-5.raw,42,17,9.476190476,0,201.0238095,1589,37.83333333,8444,205.9512195,0,645,2935,44,672,709,104,617,126,180,263,45,85,45,0.027675277,0.052275523,0.027675277,4,5,24,1.0,4,0,5,4,9,6,11,0.086956522,0.0,0.108695652,0.086956522,0.195652174,0.130434783,0.239130435,138,389,221,26,24,116,0,122,86,0,8,Malware,1,Spyware,Spyware-CWS-0a70a9d210cfb2786ade6404e9acfe249e5c0960d5645657141f911a49f38a18-5.raw
Trojan-Scar-202712d69e9ffaa99261d3db11a659a9-6.raw,42,16,9.357142857,0,199.1666667,1575,37.5,8365,199.1666667,0,659,2931,45,681,703,106,608,119,175,258,46,87,46,0.028660436,0.054205607,0.028660436,6,22,36,1.5,3,0,3,3,7,5,9,0.066666667,0.0,0.066666667,0.066666667,0.155555556,0.111111111,0.2,138,389,221,26,24,116,0,121,87,0,8,Malware,1,Trojan,Trojan-Scar-202712d69e9ffaa99261d3db11a659a9-6.raw
Benign,44,12,12.77913488,0,284.9286144,2133,48.47727273,12536,284.9286144,0,1156,4467,48,828,1218,109,747,151,462,351,73,113,73,0.03494495,0.054092867,0.03494495,4,5,24,1.333333333,0,0,0,0,4,2,6,0.0,0.0,0.0,0.0,0.090909091,0.045454545,0.136363636,138,395,222,26,27,118,0,124,88,0,8,Benign,0,Benign,Benign
Benign,40,12,13.42467797,0,300.950322,2001,50.025,12038,300.950322,0,1086,4430,44,767,1173,100,739,136,412,332,63,101,63,0.032192131,0.051609607,0.032192131,3,4,18,1.5,2,0,2,2,6,4,8,0.047619048,0.0,0.047619048,0.047619048,0.142857143,0.095238095,0.19047619,138,395,222,26,27,118,0,124,88,0,8,Benign,0,Benign,Benign
Ransomware-Shade-f5713c3b139ec2078858742a14a80afd4e16e1a54a8ebb7c8fa9d6a49f62f85d-6.raw,31,13,11.06451613,0,195.6129032,1186,38.25806452,6064,195.6129032,0,560,1980,32,443,556,79,417,89,87,182,41,71,41,0.033442088,0.057911909,0.033442088,2,2,12,1.0,1,0,1,1,5,3,6,0.03125,0.0,0.03125,0.03125,0.15625,0.09375,0.1875,137,378,219,26,21,110,0,112,88,0,8,Malware,1,Ransomware,Ransomware-Shade-f5713c3b139ec2078858742a14a80afd4e16e1a54a8ebb7c8fa9d6a49f62f85d-6.raw
Benign,44,13,12.99897068,0,296.6777009,2210,50.22727273,13053,296.6777009,0,1151,4690,48,878,1250,109,839,145,441,389,72,114,72,0.033103448,0.052413793,0.033103448,5,6,30,1.25,0,0,0,0,4,2,6,0.0,0.0,0.0,0.0,0.090909091,0.045454545,0.136363636,138,395,222,26,27,118,0,123,88,0,8,Benign,0,Benign,Benign
Benign,41,13,13.12195122,0,301.7081205,2141,52.2195122,12370,301.7081205,0,1074,4344,45,904,1171,103,766,143,405,403,82,120,82,0.038246269,0.055970149,0.038246269,5,6,30,1.25,0,0,0,0,4,2,6,0.0,0.0,0.0,0.0,0.097560976,0.048780488,0.146341463,138,395,222,26,27,118,0,123,88,0,8,Benign,0,Benign,Benign
Spyware-180solutions-0cd7b510db522ef73b234158e7c544a370bf43081538366e98b4ee241371114c-8.raw,43,19,9.348837209,0,197.2325581,1612,37.48837209,8482,201.952381,0,653,2911,45,761,716,103,622,116,183,242,49,88,49,0.030042918,0.053954629,0.030042918,9,81,54,1.285714286,2,0,3,2,7,4,9,0.044444444,0.0,0.066666667,0.044444444,0.155555556,0.088888889,0.2,138,389,221,26,24,116,0,120,87,0,8,Malware,1,Spyware,Spyware-180solutions-0cd7b510db522ef73b234158e7c544a370bf43081538366e98b4ee241371114c-8.raw
Benign,39,15,11.29146713,0,248.8055989,1740,43.90307666,9862,248.8055989,0,796,3380,42,800,847,98,655,127,264,329,73,112,73,0.040996377,0.062571291,0.040996377,4,5,27,1.387416143,3,0,3,3,7,5,8,0.07037501,0.0,0.07037501,0.07037501,0.164208357,0.117291684,0.187666694,138,392,222,26,24,118,0,124,87,0,8,Benign,0,Benign,Benign
Spyware-Transponder-0fcdcd28c3a5ba2f0b6794eec5774a5a24166dc257cca8ef57b95ecc28a4a302-9.raw,37,15,10.16216216,0,214.8918919,1445,39.05405405,7951,214.8918919,0,627,2812,40,668,661,92,594,113,161,230,42,78,42,0.028846154,0.053571429,0.028846154,3,3,18,1.0,0,0,0,0,4,2,6,0.0,0.0,0.0,0.0,0.108108108,0.054054054,0.162162162,138,389,221,26,24,116,0,119,86,0,8,Malware,1,Spyware,Spyware-Transponder-0fcdcd28c3a5ba2f0b6794eec5774a5a24166dc257cca8ef57b95ecc28a4a302-9.raw
Benign,44,12,12.39336003,0,285.8461564,2153,48.93181818,12577,285.8461564,0,1131,4660,48,791,1189,108,750,143,426,347,74,116,74,0.03490566,0.054716981,0.03490566,4,5,24,1.333333333,0,0,0,0,4,2,6,0.0,0.0,0.0,0.0,0.090909091,0.045454545,0.136363636,138,395,222,26,27,118,0,125,88,0,8,Benign,0,Benign,Benign
Trojan-Reconyc-2e337bd9233e4276611f88ecfcf34048-1.raw,39,15,11.43589744,0,220.8717949,1563,40.07692308,8614,220.8717949,0,642,3006,42,656,834,99,640,120,177,259,47,85,47,0.02921069,0.052827843,0.02921069,3,3,18,1.0,2,0,2,2,6,4,8,0.048780488,0.0,0.048780488,0.048780488,0.146341463,0.097560976,0.195121951,138,389,221,26,24,116,0,122,86,0,8,Malware,1,Trojan,Trojan-Reconyc-2e337bd9233e4276611f88ecfcf34048-1.raw
Ransomware-Ako-0a2427be6173b6a174130e80e5ff6e80319300a5e1ab2fd6bc5f8d93069d7aaa-2.raw,39,15,10.71794872,0,217.5897436,1552,39.79487179,8486,217.5897436,0,641,2970,42,654,777,99,634,120,177,259,47,85,47,0.029411765,0.053191489,0.029411765,3,3,18,1.0,2,0,2,2,6,4,8,0.048780488,0.0,0.048780488,0.048780488,0.146341463,0.097560976,0.195121951,138,389,221,26,24,116,0,123,87,0,8,Malware,1,Ransomware,Ransomware-Ako-0a2427be6173b6a174130e80e5ff6e80319300a5e1ab2fd6bc5f8d93069d7aaa-2.raw
Benign,40,12,12.45,0,283.8287585,1942,48.55,11354,291.13206,0,1026,4014,43,801,1055,99,723,140,395,329,63,98,63,0.033386328,0.051934287,0.033386328,3,4,18,1.5,0,0,1,0,5,2,7,0.0,0.0,0.025,0.0,0.125,0.05,0.175,138,395,222,26,27,118,0,123,88,0,8,Benign,0,Benign,Benign
Spyware-TIBS-1f1f72fe1f6c70cc59e2a4c2b95df0da7c4eb26381c2eed8445227f40db3f7a1-7.raw,27,9,13.88888889,0,268.1851852,1213,44.92592593,7241,268.1851852,0,541,2625,30,556,655,71,518,107,134,216,30,56,30,0.024154589,0.045088567,0.024154589,2,2,12,1.0,0,0,0,0,4,2,5,0.0,0.0,0.0,0.0,0.148148148,0.074074074,0.185185185,138,389,221,26,24,116,0,121,88,0,8,Malware,1,Spyware,Spyware-TIBS-1f1f72fe1f6c70cc59e2a4c2b95df0da7c4eb26381c2eed8445227f40db3f7a1-7.raw
Spyware-TIBS-4be371dc9c56aee4db39813c6f66bf51613aeb5f82eef40bda40c2024339e79c-3.raw,22,8,16.31818182,0,241.1363636,936,42.54545455,5305,241.1363636,0,470,1692,23,353,613,61,376,85,71,170,25,46,25,0.026041667,0.047916667,0.026041667,1,1,6,1.0,0,0,0,0,4,2,5,0.0,0.0,0.0,0.0,0.181818182,0.090909091,0.227272727,137,385,220,26,23,114,0,114,88,0,8,Malware,1,Spyware,Spyware-TIBS-4be371dc9c56aee4db39813c6f66bf51613aeb5f82eef40bda40c2024339e79c-3.raw
Spyware-180solutions-0b2be269a92c116e8457cd569c12351f5655978a3a90e33feda7f6f138d9d6ab-6.raw,39,15,10.02564103,0,212.8717949,1533,39.30769231,8302,212.8717949,0,641,2914,42,683,701,100,604,119,178,262,45,83,45,0.028790787,0.053103007,0.028790787,3,3,18,1.0,1,0,1,1,5,3,7,0.025,0.0,0.025,0.025,0.125,0.075,0.175,138,389,221,26,24,116,0,121,87,0,8,Malware,1,Spyware,Spyware-180solutions-0b2be269a92c116e8457cd569c12351f5655978a3a90e33feda7f6f138d9d6ab-6.raw
Benign,42,12,13.4047619,0,303.6365989,2194,52.24456913,12752,303.6365989,0,1098,4482,46,943,1226,105,772,147,415,430,89,128,89,0.040546301,0.058241401,0.040546301,7,8,42,1.166666667,1,0,1,1,5,3,7,0.023255814,0.0,0.023255814,0.023255814,0.11627907,0.069767442,0.162790698,138,395,222,26,27,118,0,123,88,0,8,Benign,0,Benign,Benign
Benign,40,13,12.95717944,0,292.9247439,2018,50.45,11716,292.9247439,0,1044,4085,44,843,1108,101,727,142,363,351,60,97,60,0.03003003,0.048548549,0.03003003,4,5,24,1.333333333,3,0,3,3,7,5,8,0.075838847,0.0,0.075838847,0.075838847,0.168254962,0.122046905,0.191358991,138,395,222,26,27,118,0,123,88,0,8,Benign,0,Benign,Benign
Benign,39,12,13.33194668,0,298.4365908,1992,51.07692308,11639,298.4365908,0,1043,4063,43,834,1116,99,723,137,363,350,60,96,60,0.030425963,0.048681542,0.030425963,4,5,24,1.333333333,4,0,4,4,8,6,9,0.093103112,0.0,0.093103112,0.093103112,0.186118178,0.139610645,0.209371943,138,395,222,26,27,118,0,123,88,0,8,Benign,0,Benign,Benign
Ransomware-Conti-001a9515fe0cb67fa49d200b330311b65822287bd2d1bff8c78247176781f131-5.raw,43,17,9.302325581,0,198.8139535,1616,37.58139535,8549,198.8139535,0,666,2976,46,694,728,107,616,123,179,264,49,91,49,0.029571515,0.054918527,0.029571515,4,4,24,1.0,0,0,0,0,4,2,6,0.0,0.0,0.0,0.0,0.093023256,0.046511628,0.139534884,138,389,221,26,24,116,0,122,86,0,8,Malware,1,Ransomware,Ransomware-Conti-001a9515fe0cb67fa49d200b330311b65822287bd2d1bff8c78247176781f131-5.raw
Ransomware-Ako-0b54c0e2ee5e2ea394cbde6b26a970fe904130d70ddaf6f76227005b1f4f44a8-3.raw,46,17,9.826086957,0,206.0434783,1777,38.63043478,9479,210.6444444,0,881,3140,48,750,838,112,715,135,202,293,53,97,53,0.028993435,0.053063457,0.028993435,59,18522,354,9.833333333,0,0,1,0,5,2,7,0.0,0.0,0.02173913,0.0,0.108695652,0.043478261,0.152173913,138,389,221,26,24,116,0,123,86,0,8,Malware,1,Ransomware,Ransomware-Ako-0b54c0e2ee5e2ea394cbde6b26a970fe904130d70ddaf6f76227005b1f4f44a8-3.raw
Trojan-Scar-618c4c402cf1230e28217df3b11d16c5-7.raw,38,15,9.921052632,0,212.2631579,1482,39.0,8066,212.2631579,0,634,2834,41,655,676,98,594,116,174,246,45,82,45,0.02994012,0.054557552,0.02994012,3,3,18,1.0,6,0,6,6,10,8,12,0.136363636,0.0,0.136363636,0.136363636,0.227272727,0.181818182,0.272727273,138,389,221,26,24,116,0,119,86,0,8,Malware,1,Trojan,Trojan-Scar-618c4c402cf1230e28217df3b11d16c5-7.raw
Ransomware-Shade-f454622ad2ea0179431365de97aa74a5968e9d100952e6e75e0a90850aa0091a-9.raw,40,16,9.75,0,212.5,1569,39.225,8500,212.5,0,661,2993,43,744,698,98,650,116,165,243,51,90,51,0.032035176,0.056532663,0.032035176,6,527,36,1.5,0,0,0,0,4,2,6,0.0,0.0,0.0,0.0,0.1,0.05,0.15,138,389,221,26,24,116,0,119,86,0,8,Malware,1,Ransomware,Ransomware-Shade-f454622ad2ea0179431365de97aa74a5968e9d100952e6e75e0a90850aa0091a-9.raw
Benign,43,14,12.93600579,0,286.7906977,2104,48.93023256,12332,286.7906977,0,1131,4373,47,820,1201,107,748,149,473,343,65,104,65,0.031676413,0.050682261,0.031676413,3,4,18,1.5,0,0,0,0,4,2,6,0.0,0.0,0.0,0.0,0.093023256,0.046511628,0.139534884,138,395,222,26,27,118,0,123,88,0,8,Benign,0,Benign,Benign
Ransomware-Conti-0a87ab198bf4008633baff270c01338bb2e8d0101dca28c3aaf68444d8d718ae-3.raw,41,16,10.07317073,0,210.4878049,1614,39.36585366,8630,210.4878049,0,649,3013,44,673,758,103,643,126,180,267,46,86,46,0.027727547,0.051838457,0.027727547,3,3,18,1.0,2,0,2,2,6,4,8,0.046511628,0.0,0.046511628,0.046511628,0.139534884,0.093023256,0.186046512,138,389,221,26,24,116,0,122,86,0,8,Malware,1,Ransomware,Ransomware-Conti-0a87ab198bf4008633baff270c01338bb2e8d0101dca28c3aaf68444d8d718ae-3.raw
Spyware-Transponder-000dd5c79d900b66e72d0ea0d472f1b3a727f908ab0de3ad5e8160b9371d0d3a-4.raw,43,17,9.813953488,0,208.2093023,1659,38.58139535,8954,213.1904762,0,863,3003,45,688,767,106,662,129,189,284,46,87,46,0.027042916,0.051146384,0.027042916,61,18559,366,12.2,1,0,2,1,6,3,8,0.022727273,0.0,0.045454545,0.022727273,0.136363636,0.068181818,0.181818182,138,389,221,26,24,116,0,122,87,0,8,Malware,1,Spyware,Spyware-Transponder-000dd5c79d900b66e72d0ea0d472f1b3a727f908ab0de3ad5e8160b9371d0d3a-4.raw
Benign,42,12,12.92792664,0,298.2652481,2160,51.42857143,12528,305.5644005,0,1077,4403,45,922,1190,104,776,144,423,396,80,117,80,0.037628903,0.054990058,0.037628903,5,6,30,1.25,0,0,1,0,5,2,7,0.018730608,0.0,0.042094165,0.018730608,0.135548393,0.065457722,0.182275507,138,395,222,26,27,118,0,125,88,0,8,Benign,0,Benign,Benign
Spyware-Gator-00acad78bb0da3e66f751f792282a22eae89d7fb2760d61aee33f99eaa64f718-4.raw,45,19,9.355555556,0,195.2888889,1678,37.28888889,8788,195.2888889,0,674,3024,48,706,758,111,644,132,192,273,58,102,58,0.033526012,0.058959538,0.033526012,3,3,18,1.0,0,0,0,0,4,2,6,0.0,0.0,0.0,0.0,0.088888889,0.044444444,0.133333333,138,389,221,26,24,116,0,122,86,0,8,Malware,1,Spyware,Spyware-Gator-00acad78bb0da3e66f751f792282a22eae89d7fb2760d61aee33f99eaa64f718-4.raw
Benign,41,16,10.63960572,0,246.6724209,1822,43.4732562,10344,252.7235596,0,807,3568,46,858,842,102,715,132,305,335,76,115,76,0.041526117,0.062705279,0.041526117,4,5,24,1.333333333,9,0,10,9,14,11,16,0.176706333,0.0,0.19634037,0.176706333,0.274876518,0.215974408,0.314144592,138,392,222,26,24,118,0,127,87,0,8,Benign,0,Benign,Benign
Benign,42,14,14.97216887,0,281.4896191,1920,45.71428571,11824,295.6141001,0,1037,4005,45,783,1332,100,636,137,373,337,47,85,47,0.024723579,0.044353084,0.024723579,5,6,30,1.25,0,0,2,0,6,2,7,0.0,0.0,0.047619048,0.0,0.142857143,0.047619048,0.166666667,137,395,222,26,27,118,0,120,88,0,8,Benign,0,Benign,Benign
Benign,43,17,10.49508703,0,249.993824,1863,43.18506916,10790,255.9480017,0,824,3772,48,910,871,105,724,136,359,340,76,116,76,0.040645692,0.061910633,0.040645692,5,7,35,1.459670941,9,0,10,9,14,11,16,0.177600168,0.0,0.196650715,0.177600168,0.272852901,0.215701261,0.310953995,138,392,222,26,24,118,0,126,87,0,8,Benign,0,Benign,Benign
Ransomware-Ako-0bc02b47559c5912650e9eedae58ad65672bc30d07b36d655e848a65ce1dd269-7.raw,42,16,9.666666667,0,209.8333333,1638,39.0,8813,209.8333333,0,677,3079,45,752,735,106,659,122,199,299,54,95,54,0.032451923,0.057091346,0.032451923,7,36,42,1.75,0,0,0,0,4,2,6,0.0,0.0,0.0,0.0,0.095238095,0.047619048,0.142857143,138,389,221,26,24,116,0,120,87,0,8,Malware,1,Ransomware,Ransomware-Ako-0bc02b47559c5912650e9eedae58ad65672bc30d07b36d655e848a65ce1dd269-7.raw
Trojan-Emotet-0f69992d31652dc6bf1af565647dc21eaea765707132af5f42633c903d52af81-9.raw,37,15,10.24324324,0,215.7027027,1447,39.10810811,7981,215.7027027,0,625,2822,40,674,671,92,596,113,162,230,43,79,43,0.029411765,0.054035568,0.029411765,3,3,18,1.0,0,0,0,0,4,2,6,0.0,0.0,0.0,0.0,0.108108108,0.054054054,0.162162162,138,389,221,26,24,116,0,119,86,0,8,Malware,1,Trojan,Trojan-Emotet-0f69992d31652dc6bf1af565647dc21eaea765707132af5f42633c903d52af81-9.raw
Ransomware-Maze-479fc60376fceca89d0e97aeefdbcdb02e855c21baca6e9a0f86fd40a93b7c52-8.raw,37,15,10.0,0,214.4324324,1445,39.05405405,7934,214.4324324,0,621,2809,40,665,658,92,596,113,160,230,43,79,43,0.029431896,0.054072553,0.029431896,3,3,18,1.0,2,0,2,2,6,4,8,0.051282051,0.0,0.051282051,0.051282051,0.153846154,0.102564103,0.205128205,138,389,221,26,24,116,0,118,87,0,8,Malware,1,Ransomware,Ransomware-Maze-479fc60376fceca89d0e97aeefdbcdb02e855c21baca6e9a0f86fd40a93b7c52-8.raw
Trojan-Refroso-45666692b03d4ab245919b714d6910ca-6.raw,38,15,10.15789474,0,215.6315789,1497,39.39473684,8194,215.6315789,0,639,2873,41,684,690,98,600,116,177,253,46,83,46,0.030243261,0.054569362,0.030243261,3,3,18,1.0,6,0,6,6,10,8,12,0.136363636,0.0,0.136363636,0.136363636,0.227272727,0.181818182,0.272727273,138,389,221,26,24,116,0,119,87,0,8,Malware,1,Trojan,Trojan-Refroso-45666692b03d4ab245919b714d6910ca-6.raw
Benign,39,12,13.0379868,0,293.2510291,1941,49.76923077,11436,293.2510291,0,1029,4054,43,801,1087,99,723,140,396,329,63,98,63,0.033386328,0.051934287,0.033386328,3,4,18,1.5,0,0,0,0,4,2,6,0.0,0.0,0.0,0.0,0.102564103,0.051282051,0.153846154,138,395,222,26,27,118,0,123,88,0,8,Benign,0,Benign,Benign
Benign,40,12,13.17341777,0,299.2072785,2000,50.0,11968,299.2072785,0,1083,4408,44,767,1151,100,738,136,404,331,63,101,63,0.032208589,0.051635992,0.032208589,3,4,18,1.5,1,0,1,1,5,3,7,0.024390244,0.0,0.024390244,0.024390244,0.12195122,0.073170732,0.170731707,138,395,222,26,27,118,0,124,88,0,8,Benign,0,Benign,Benign
Benign,48,17,11.92426984,0,269.5606302,2220,46.27070914,12938,269.5606302,0,1091,4484,54,982,1191,116,783,143,451,424,91,137,91,0.040459757,0.060807412,0.040459757,5,6,30,1.25,1,0,1,1,5,3,7,0.034700891,0.0,0.034700891,0.034700891,0.115142483,0.074921687,0.155363279,138,392,222,26,24,118,0,126,87,0,8,Benign,0,Benign,Benign
Benign,40,12,13.47209885,0,305.4691977,2089,52.24185173,12218,305.4691977,0,1070,4270,44,897,1175,101,758,140,407,398,80,117,80,0.03826519,0.05596284,0.03826519,5,6,30,1.25,0,0,0,0,4,2,6,0.0,0.0,0.0,0.0,0.1,0.05,0.15,138,395,222,26,27,118,0,123,88,0,8,Benign,0,Benign,Benign
Trojan-Refroso-303a873227f6baab352e17d75500b03e-6.raw,39,15,10.05128205,0,211.025641,1522,39.02564103,8230,211.025641,0,639,2895,42,659,700,100,600,119,175,257,45,83,45,0.028957529,0.053410553,0.028957529,3,3,18,1.0,7,0,7,7,11,9,13,0.152173913,0.0,0.152173913,0.152173913,0.239130435,0.195652174,0.282608696,138,389,221,26,24,116,0,121,88,0,8,Malware,1,Trojan,Trojan-Refroso-303a873227f6baab352e17d75500b03e-6.raw
Benign,41,12,13.58361673,0,299.4170165,2104,50.17567865,12563,314.0751831,0,1084,4416,44,912,1247,102,770,141,461,384,71,107,71,0.034365924,0.0517909,0.034365924,4,5,24,1.333333333,0,0,1,0,5,2,7,0.0,0.0,0.046521015,0.0,0.141868914,0.04767395,0.189542862,138,395,222,26,27,118,0,124,88,0,8,Benign,0,Benign,Benign
Benign,42,12,12.72513416,0,291.6601861,2090,49.7683853,12249,291.6601861,0,1109,4459,46,808,1166,104,746,139,415,360,73,113,73,0.035628701,0.055078807,0.035628701,4,5,24,1.333333333,0,0,0,0,4,2,6,0.0,0.0,0.0,0.0,0.095238095,0.047619048,0.142857143,138,395,222,26,27,118,0,123,88,0,8,Benign,0,Benign,Benign
Trojan-Reconyc-62b39809629ad5ed7aeae09bd950acd6-2.raw,39,15,10.79487179,0,218.5897436,1555,39.87179487,8525,218.5897436,0,645,2984,42,659,785,99,634,120,177,260,48,86,48,0.029962547,0.053682896,0.029962547,3,3,18,1.0,5,0,5,5,9,7,11,0.113636364,0.0,0.113636364,0.113636364,0.204545455,0.159090909,0.25,138,389,221,26,24,116,0,122,87,0,8,Malware,1,Trojan,Trojan-Reconyc-62b39809629ad5ed7aeae09bd950acd6-2.raw
Benign,40,12,13.55710413,0,305.7153471,2082,52.06675704,12228,305.7153471,0,1075,4268,44,900,1168,101,760,140,406,399,77,115,77,0.037722378,0.056055285,0.037722378,5,6,30,1.25,0,0,0,0,4,2,6,0.0,0.0,0.0,0.0,0.1,0.05,0.15,138,395,222,26,27,118,0,123,88,0,8,Benign,0,Benign,Benign
Benign,44,12,12.79234828,0,288.4291837,2090,48.62203269,12691,295.1600949,0,1175,4626,47,829,1238,107,747,145,489,348,71,109,71,0.034383941,0.052660012,0.034383941,4,5,24,1.333333333,0,0,1,0,5,2,7,0.019415615,0.0,0.041701624,0.019415615,0.130845659,0.063987633,0.175417677,138,395,222,26,27,118,0,123,88,0,8,Benign,0,Benign,Benign
Ransomware-Maze-7738c2afc0116c541f0b66b7466e23b1ec9c2f19520e36522770a3576e869e1b-1.raw,45,17,10.06666667,0,197.2222222,1663,36.95555556,8876,201.7272727,0,669,3072,47,691,843,109,648,120,205,262,47,90,47,0.027517564,0.052693208,0.027517564,3,3,18,1.0,1,0,2,1,6,3,8,0.02173913,0.0,0.043478261,0.02173913,0.130434783,0.065217391,0.173913043,138,389,221,26,24,116,0,122,87,0,8,Malware,1,Ransomware,Ransomware-Maze-7738c2afc0116c541f0b66b7466e23b1ec9c2f19520e36522770a3576e869e1b-1.raw
Ransomware-Pysa-0cb3c9648a526f6e1bac3fa3b1aece59532576d9959516398c856bdccfbf817a-8.raw,39,16,9.564102564,0,206.2820513,1476,37.84615385,8046,211.7368421,0,630,2826,41,684,660,95,606,113,168,232,43,80,43,0.028820375,0.053619303,0.028820375,3,3,18,1.0,2,0,3,2,7,4,9,0.048780488,0.0,0.073170732,0.048780488,0.170731707,0.097560976,0.219512195,138,389,221,26,24,116,0,119,86,0,8,Malware,1,Ransomware,Ransomware-Pysa-0cb3c9648a526f6e1bac3fa3b1aece59532576d9959516398c856bdccfbf817a-8.raw
Benign,39,12,12.97435897,0,293.1025641,1941,49.76923077,11431,293.1025641,0,1029,4056,43,801,1080,99,723,140,396,329,63,98,63,0.033386328,0.051934287,0.033386328,3,4,18,1.5,0,0,0,0,4,2,6,0.0,0.0,0.0,0.0,0.102564103,0.051282051,0.153846154,138,395,222,26,27,118,0,123,88,0,8,Benign,0,Benign,Benign
Benign,44,13,12.40162812,0,278.9847355,2196,49.90909091,12275,278.9847355,0,1079,4308,48,835,1170,109,763,151,426,387,86,127,86,0.039002268,0.057596372,0.039002268,5,6,30,1.25,0,0,0,0,4,2,6,0.0,0.0,0.0,0.0,0.090909091,0.045454545,0.136363636,138,395,222,26,27,118,0,122,88,0,8,Benign,0,Benign,Benign
Trojan-Emotet-2c678a0d56e69a42b8aa0915a69b1356f4ac2a96a5ad5c8e4656099b472cd4bf-4.raw,35,14,9.571428571,0,171.1714286,1230,35.14285714,5991,171.1714286,0,574,1894,36,452,524,87,414,92,87,188,39,73,39,0.030757098,0.057570978,0.030757098,2,2,12,1.0,0,0,0,0,4,2,5,0.0,0.0,0.0,0.0,0.114285714,0.057142857,0.142857143,137,385,220,26,23,114,0,115,88,0,8,Malware,1,Trojan,Trojan-Emotet-2c678a0d56e69a42b8aa0915a69b1356f4ac2a96a5ad5c8e4656099b472cd4bf-4.raw
Trojan-Refroso-e2806863523612e1128d16ec127ed7fb-6.raw,40,16,9.5,0,203.15,1501,37.525,8126,203.15,0,642,2868,43,694,670,98,602,113,161,233,43,82,43,0.028122956,0.053629823,0.028122956,16,18,96,4.0,3,0,3,3,7,5,9,0.069767442,0.0,0.069767442,0.069767442,0.162790698,0.11627907,0.209302326,138,389,221,26,24,116,0,119,87,0,8,Malware,1,Trojan,Trojan-Refroso-e2806863523612e1128d16ec127ed7fb-6.raw
Ransomware-Shade-47afa9df59575c3bdc68569324bfed4e2fd7d8d3d746c043e7fd1f3f60b0976c-8.raw,33,13,10.36363636,0,188.0909091,1245,37.72727273,6207,188.0909091,0,569,1993,34,457,542,83,447,97,90,185,38,71,38,0.029641186,0.055382215,0.029641186,2,2,12,1.0,0,0,0,0,4,2,6,0.0,0.0,0.0,0.0,0.121212121,0.060606061,0.181818182,138,387,221,26,23,115,0,116,88,0,8,Malware,1,Ransomware,Ransomware-Shade-47afa9df59575c3bdc68569324bfed4e2fd7d8d3d746c043e7fd1f3f60b0976c-8.raw
Benign,42,12,13.27164411,0,306.0573584,2194,52.23809524,12854,306.0573584,0,1148,4597,46,877,1234,105,780,142,437,403,79,119,79,0.036472761,0.054939982,0.036472761,5,6,30,1.25,0,0,0,0,4,2,6,0.0,0.0,0.0,0.0,0.095238095,0.047619048,0.142857143,138,395,222,26,27,118,0,125,88,0,8,Benign,0,Benign,Benign
Trojan-Zeus-2d48f5ca5e579112996ad003c12a30fda8b39207a203a624e1218cea40ee2d57-10.raw,40,16,9.55,0,202.6,1503,37.575,8104,202.6,0,644,2866,43,687,669,98,602,113,160,232,44,83,44,0.029042904,0.054785479,0.029042904,3,3,18,1.0,1,0,1,1,5,3,7,0.024390244,0.0,0.024390244,0.024390244,0.12195122,0.073170732,0.170731707,138,389,221,26,24,116,0,119,87,0,8,Malware,1,Trojan,Trojan-Zeus-2d48f5ca5e579112996ad003c12a30fda8b39207a203a624e1218cea40ee2d57-10.raw
Benign,41,16,11.22701628,0,259.1275853,1822,44.44840647,10625,265.6307749,0,853,3633,45,886,885,101,731,131,345,384,83,121,83,0.04494154,0.065441167,0.04494154,4,5,24,1.333333333,10,0,11,10,15,12,17,0.196078431,0.0,0.215686275,0.196078431,0.294117647,0.235294118,0.333333333,138,392,222,26,24,118,0,126,87,0,8,Benign,0,Benign,Benign
Benign,41,16,10.67365002,0,248.0556437,1814,43.55584609,10334,254.1822778,0,806,3568,46,857,844,102,719,131,307,332,75,113,75,0.041116185,0.062220176,0.041116185,3,4,21,1.389703438,9,0,10,9,14,11,16,0.183102365,0.0,0.202710208,0.183102365,0.281141581,0.222318052,0.320357267,138,392,222,26,24,118,0,127,87,0,8,Benign,0,Benign,Benign
Trojan-Scar-858f220c51fd87f45667650fba131376-8.raw,37,15,10.24324324,0,216.3783784,1449,39.16216216,8006,216.3783784,0,631,2827,40,673,672,92,596,113,161,231,44,80,44,0.030075188,0.05468216,0.030075188,3,3,18,1.0,1,0,1,1,5,3,7,0.026315789,0.0,0.026315789,0.026315789,0.131578947,0.078947368,0.184210526,138,389,221,26,24,116,0,119,86,0,8,Malware,1,Trojan,Trojan-Scar-858f220c51fd87f45667650fba131376-8.raw
Trojan-Zeus-1ee594fc8f1b9370f7f38e77a469ffaf47dbac3f83d29c96dd2aae8179351af2-1.raw,44,17,10.43181818,0,203.8863636,1673,38.02272727,8971,203.8863636,0,672,3099,47,689,863,110,653,126,184,268,57,101,57,0.032967033,0.058415269,0.032967033,3,3,18,1.0,1,0,1,1,5,3,7,0.022222222,0.0,0.022222222,0.022222222,0.111111111,0.066666667,0.155555556,138,389,221,26,24,116,0,123,87,0,8,Malware,1,Trojan,Trojan-Zeus-1ee594fc8f1b9370f7f38e77a469ffaf47dbac3f83d29c96dd2aae8179351af2-1.raw
Benign,43,12,12.52471621,0,283.2895978,2169,50.45566976,12181,283.2895978,0,1072,4306,47,826,1159,107,759,146,412,378,86,126,86,0.03947501,0.057835479,0.03947501,5,6,30,1.25,0,0,0,0,4,2,6,0.0,0.0,0.0,0.0,0.093023256,0.046511628,0.139534884,138,395,222,26,27,118,0,122,88,0,8,Benign,0,Benign,Benign
Ransomware-Ako-0bec11be7b2e0c462e202b3b1e2dc78a884d0b2e64deb5b548fd0cf7f1e55618-5.raw,34,14,10.73529412,0,188.8235294,1264,37.17647059,6421,194.5757576,0,571,2059,34,460,616,84,466,95,97,201,38,70,38,0.029230769,0.053846154,0.029230769,52,1092,312,13.0,0,0,1,0,5,2,6,0.0,0.0,0.029411765,0.0,0.147058824,0.058823529,0.176470588,137,385,220,26,23,114,0,113,88,0,8,Malware,1,Ransomware,Ransomware-Ako-0bec11be7b2e0c462e202b3b1e2dc78a884d0b2e64deb5b548fd0cf7f1e55618-5.raw
Spyware-Gator-2c73f396f61302d938786b76df3a81495f3418fdc65e026c6ad805ee21055aa5-5.raw,43,17,9.418604651,0,200.4883721,1640,38.13953488,8621,200.4883721,0,672,2999,46,701,721,107,615,126,187,267,51,93,51,0.03030303,0.055258467,0.03030303,4,4,24,1.0,1,0,1,1,5,3,7,0.022727273,0.0,0.022727273,0.022727273,0.113636364,0.068181818,0.159090909,138,389,221,26,24,116,0,122,86,0,8,Malware,1,Spyware,Spyware-Gator-2c73f396f61302d938786b76df3a81495f3418fdc65e026c6ad805ee21055aa5-5.raw
Spyware-Gator-1c227a11e3d4987630bf89b1712442a4d3e5cb551d13273811ec47c237a8b303-1.raw,32,13,12.25,0,191.9375,1168,36.5,6142,191.9375,0,558,1922,33,426,656,81,406,92,87,186,35,66,35,0.029118136,0.054908486,0.029118136,2,2,12,1.0,3,0,3,3,7,5,8,0.085714286,0.0,0.085714286,0.085714286,0.2,0.142857143,0.228571429,137,385,220,26,23,114,0,115,88,0,8,Malware,1,Spyware,Spyware-Gator-1c227a11e3d4987630bf89b1712442a4d3e5cb551d13273811ec47c237a8b303-1.raw
Trojan-Emotet-2bd0345445d0e4afddf01a9f25353afe5794e7ee40034d7f77f98b4db6073d51-7.raw,37,15,10.10810811,0,215.2972973,1445,39.05405405,7966,215.2972973,0,624,2814,40,667,662,92,596,113,161,230,43,79,43,0.029351536,0.053924915,0.029351536,3,3,18,1.0,5,0,5,5,9,7,11,0.119047619,0.0,0.119047619,0.119047619,0.214285714,0.166666667,0.261904762,138,389,221,26,24,116,0,119,86,0,8,Malware,1,Trojan,Trojan-Emotet-2bd0345445d0e4afddf01a9f25353afe5794e7ee40034d7f77f98b4db6073d51-7.raw
Benign,41,14,12.82416197,0,288.906404,2050,50.0,11845,288.906404,0,1049,4135,45,848,1125,103,735,145,366,353,60,98,60,0.02955665,0.048275862,0.02955665,4,5,24,1.333333333,3,0,3,3,7,5,8,0.068181818,0.0,0.068181818,0.068181818,0.159090909,0.113636364,0.181818182,138,395,222,26,27,118,0,123,88,0,8,Benign,0,Benign,Benign
Benign,42,12,13.33333333,0,302.8809524,2179,51.88095238,12721,302.8809524,0,1140,4517,46,877,1226,105,772,142,417,402,78,118,78,0.03627907,0.054883721,0.03627907,5,6,30,1.25,2,0,2,2,6,4,8,0.045454545,0.0,0.045454545,0.045454545,0.136363636,0.090909091,0.181818182,138,395,222,26,27,118,0,124,88,0,8,Benign,0,Benign,Benign
Benign,51,17,11.74923034,0,264.5000448,2399,46.41945569,13671,264.5000448,0,1138,4742,58,1030,1270,123,798,153,474,464,110,160,110,0.044961211,0.065176558,0.044961211,8,10,51,1.213423685,0,0,0,0,4,2,6,0.016324372,0.0,0.016324372,0.016324372,0.092412084,0.054368229,0.130455941,138,392,222,26,24,118,0,126,87,0,8,Benign,0,Benign,Benign
Spyware-Gator-0eb0b3a54e7613e8ea3edc039b7c4a198da7f2141947320b8ca968175a99025e-4.raw,40,16,9.875,0,208.85,1563,39.075,8354,208.85,0,647,2926,43,664,706,101,606,123,177,262,45,84,45,0.028089888,0.052434457,0.028089888,3,3,18,1.0,5,0,5,5,9,7,11,0.111111111,0.0,0.111111111,0.111111111,0.2,0.155555556,0.244444444,138,389,221,26,24,116,0,123,86,0,8,Malware,1,Spyware,Spyware-Gator-0eb0b3a54e7613e8ea3edc039b7c4a198da7f2141947320b8ca968175a99025e-4.raw
Ransomware-Pysa-4c9b7802d2037b704ccb0b57124e44b3b5ff0efcbccb827ceaac47289b07d6cb-4.raw,41,16,9.804878049,0,208.3414634,1606,39.17073171,8542,208.3414634,0,643,2984,44,674,724,103,642,126,182,267,45,85,45,0.027305825,0.05157767,0.027305825,3,3,18,1.0,0,0,0,0,4,2,6,0.0,0.0,0.0,0.0,0.097560976,0.048780488,0.146341463,138,389,221,26,24,116,0,122,87,0,8,Malware,1,Ransomware,Ransomware-Pysa-4c9b7802d2037b704ccb0b57124e44b3b5ff0efcbccb827ceaac47289b07d6cb-4.raw
Ransomware-Pysa-4190bb814813e60b1d14ee10d465b8a8438d408f2e04041406eb8a0341b85580-1.raw,39,15,11.33333333,0,219.7948718,1560,40.0,8572,219.7948718,0,636,2995,42,652,826,99,640,120,176,259,46,84,46,0.028660436,0.052336449,0.028660436,3,3,18,1.0,4,0,4,4,8,6,10,0.093023256,0.0,0.093023256,0.093023256,0.186046512,0.139534884,0.23255814,138,389,221,26,24,116,0,121,86,0,8,Malware,1,Ransomware,Ransomware-Pysa-4190bb814813e60b1d14ee10d465b8a8438d408f2e04041406eb8a0341b85580-1.raw
Ransomware-Shade-ff9d209f63e225d21dfd070b87ac0a4b5871a32f2b968882fd30620d427680f5-8.raw,40,16,9.475,0,204.175,1504,37.6,8167,204.175,0,652,2868,43,692,697,98,604,113,162,232,47,86,47,0.030860144,0.056467498,0.030860144,4,4,24,1.0,0,0,0,0,4,2,6,0.0,0.0,0.0,0.0,0.1,0.05,0.15,138,389,221,26,24,116,0,119,87,0,8,Malware,1,Ransomware,Ransomware-Shade-ff9d209f63e225d21dfd070b87ac0a4b5871a32f2b968882fd30620d427680f5-8.raw
Trojan-Emotet-1a6d4395b0058f03d3e6b2755298e98dfa84c8ab8ef8b0b0412b6ea2f5c7734e-5.raw,40,16,9.675,0,205.05,1522,38.05,8203,210.3333333,0,636,2888,42,657,693,100,600,119,175,257,45,83,45,0.028976175,0.053444945,0.028976175,3,3,18,1.0,4,0,5,4,9,6,11,0.090909091,0.0,0.113636364,0.090909091,0.204545455,0.136363636,0.25,138,389,221,26,24,116,0,120,86,0,8,Malware,1,Trojan,Trojan-Emotet-1a6d4395b0058f03d3e6b2755298e98dfa84c8ab8ef8b0b0412b6ea2f5c7734e-5.raw
Benign,41,14,12.71613808,0,288.5120185,2050,50.0,11828,288.5120185,0,1049,4130,45,848,1116,103,735,145,366,353,60,98,60,0.02955665,0.048275862,0.02955665,4,5,24,1.333333333,3,0,3,3,7,5,8,0.068181818,0.0,0.068181818,0.068181818,0.159090909,0.113636364,0.181818182,138,395,222,26,27,118,0,123,88,0,8,Benign,0,Benign,Benign
Trojan-Scar-e1eb0066f033bcf6d7ba7e9805dcf3e4-7.raw,39,15,9.769230769,0,206.2820513,1478,37.8974359,8045,206.2820513,0,631,2838,42,678,677,96,602,113,161,231,43,81,43,0.028781794,0.054216867,0.028781794,3,3,18,1.0,2,0,2,2,6,4,8,0.048780488,0.0,0.048780488,0.048780488,0.146341463,0.097560976,0.195121951,138,389,221,26,24,116,0,118,86,0,8,Malware,1,Trojan,Trojan-Scar-e1eb0066f033bcf6d7ba7e9805dcf3e4-7.raw
Benign,40,12,13.825,0,307.35,2092,52.3,12294,307.35,0,1073,4336,44,897,1201,101,757,140,393,402,79,116,79,0.037762906,0.055449331,0.037762906,5,6,30,1.25,0,0,0,0,4,2,6,0.0,0.0,0.0,0.0,0.1,0.05,0.15,138,395,222,26,27,118,0,123,88,0,8,Benign,0,Benign,Benign
Trojan-Zeus-1eb789108ab81f694c97dd413a55ce020902cde40c6bdc17db536717ca13eb9e-8.raw,37,15,10.16216216,0,215.7297297,1448,39.13513514,7982,215.7297297,0,630,2817,40,669,664,92,596,113,162,230,43,79,43,0.029351536,0.053924915,0.029351536,3,3,18,1.0,0,0,0,0,4,2,6,0.0,0.0,0.0,0.0,0.108108108,0.054054054,0.162162162,138,389,221,26,24,116,0,120,86,0,8,Malware,1,Trojan,Trojan-Zeus-1eb789108ab81f694c97dd413a55ce020902cde40c6bdc17db536717ca13eb9e-8.raw
Ransomware-Maze-3eca80c47dbfc22f08a596fd32665d78a568232966dc865e4b7cd090bfdb6341-10.raw,38,15,9.815789474,0,203.7368421,1454,38.26315789,7742,203.7368421,0,640,2700,40,620,652,94,579,110,137,226,43,80,43,0.029113067,0.054163846,0.029113067,3,3,18,1.0,2,0,2,2,6,4,8,0.05,0.0,0.05,0.05,0.15,0.1,0.2,138,389,221,26,24,116,0,119,86,0,8,Malware,1,Ransomware,Ransomware-Maze-3eca80c47dbfc22f08a596fd32665d78a568232966dc865e4b7cd090bfdb6341-10.raw
Spyware-Gator-0b6dd7b677427a96f9467e8df767d57ac032061c173f431d8d0fa7402c19c16c-9.raw,38,15,10.10526316,0,213.7894737,1490,39.21052632,8124,213.7894737,0,636,2858,41,675,684,98,598,116,176,252,44,81,44,0.029216467,0.053784861,0.029216467,3,3,18,1.0,0,0,0,0,4,2,6,0.0,0.0,0.0,0.0,0.105263158,0.052631579,0.157894737,138,389,221,26,24,116,0,118,87,0,8,Malware,1,Spyware,Spyware-Gator-0b6dd7b677427a96f9467e8df767d57ac032061c173f431d8d0fa7402c19c16c-9.raw
Benign,41,16,11.2195122,0,259.195122,1823,44.46341463,10628,265.7,0,853,3632,45,886,885,101,735,131,345,384,83,121,83,0.044768069,0.065264293,0.044768069,4,5,24,1.333333333,10,0,11,10,15,12,17,0.196078431,0.0,0.215686275,0.196078431,0.294117647,0.235294118,0.333333333,138,392,222,26,24,118,0,126,87,0,8,Benign,0,Benign,Benign
Benign,51,19,11.45098039,0,250.7647059,2296,45.01960784,12790,255.8,0,1082,4373,57,1006,1180,120,819,155,426,393,88,135,88,0.038715354,0.059392873,0.038715354,7,8,42,1.166666667,4,0,5,4,9,6,11,0.072727273,0.0,0.090909091,0.072727273,0.163636364,0.109090909,0.2,138,392,222,26,24,118,0,128,87,0,8,Benign,0,Benign,Benign
Benign,44,12,12.62295184,0,287.4195293,2153,48.93181818,12646,287.4195293,0,1130,4700,48,791,1212,108,750,143,427,347,74,116,74,0.03490566,0.054716981,0.03490566,4,5,24,1.333333333,0,0,0,0,4,2,6,0.013113755,0.0,0.013113755,0.013113755,0.102830686,0.057972221,0.147689152,138,395,222,26,27,118,0,125,88,0,8,Benign,0,Benign,Benign
Benign,41,17,11.70259378,0,266.8335638,1849,44.82879687,11008,275.213995,0,876,3755,45,899,950,102,741,131,366,399,79,117,79,0.042110874,0.062366738,0.042110874,5,7,30,1.666666667,13,0,15,13,19,15,21,0.249891273,0.0,0.272727273,0.249891273,0.345454545,0.28625491,0.381818182,138,392,222,26,24,118,0,126,87,0,8,Benign,0,Benign,Benign
Benign,40,12,13.92682148,0,305.6523222,2070,51.75,12226,305.6523222,0,1077,4213,44,870,1197,101,735,140,491,399,74,112,74,0.036327933,0.054982818,0.036327933,5,6,30,1.25,1,0,1,1,5,3,6,0.024390244,0.0,0.024390244,0.024390244,0.12195122,0.073170732,0.146341463,138,395,222,26,27,118,0,123,88,0,8,Benign,0,Benign,Benign
Benign,40,16,11.13543403,0,258.9160822,1774,44.35,10356,258.9160822,0,811,3608,44,872,856,99,701,129,297,357,71,110,71,0.039454189,0.061126209,0.039454189,4,5,24,1.333333333,9,0,9,9,13,11,15,0.183673469,0.0,0.183673469,0.183673469,0.265306122,0.224489796,0.306122449,138,392,222,26,24,118,0,124,87,0,8,Benign,0,Benign,Benign
Benign,60,14,13.14006169,0,279.8188834,2855,47.50818642,17013,283.4787533,0,1636,6411,64,944,1840,143,855,166,682,446,85,140,85,0.029775018,0.049053039,0.029775018,5,17,33,1.443305644,0,0,0,0,4,2,6,0.0,0.0,0.013000923,0.0,0.078751153,0.032875115,0.111626269,138,394,222,26,26,118,0,124,87,0,8,Benign,0,Benign,Benign
Benign,40,12,13.23372396,0,304.970638,2082,52.05,12198,304.970638,0,1072,4283,44,887,1164,101,768,140,384,383,76,113,76,0.036573628,0.054379211,0.036573628,5,6,30,1.25,0,0,0,0,4,2,6,0.0,0.0,0.0,0.0,0.1,0.05,0.15,138,395,222,26,27,118,0,123,88,0,8,Benign,0,Benign,Benign
Benign,42,12,13.3018558,0,302.489776,2178,51.87584037,12704,302.489776,0,1139,4510,46,877,1222,105,770,142,416,402,78,118,78,0.036330837,0.054936417,0.036330837,5,6,30,1.25,1,0,1,1,5,3,7,0.023255814,0.0,0.023255814,0.023255814,0.11627907,0.069767442,0.162790698,138,395,222,26,27,118,0,123,88,0,8,Benign,0,Benign,Benign
Spyware-180solutions-0dd5ddabb93d23a309db5f9e4d22f630771b33d3d81b83c347b3e6a5b603918a-7.raw,39,16,9.794871795,0,207.5641026,1495,38.33333333,8096,213.0526316,0,636,2841,41,684,682,95,604,113,163,232,43,80,43,0.028514589,0.053050398,0.028514589,3,3,18,1.0,3,0,4,3,8,5,10,0.071428571,0.0,0.095238095,0.071428571,0.19047619,0.119047619,0.238095238,138,389,221,26,24,116,0,120,87,0,8,Malware,1,Spyware,Spyware-180solutions-0dd5ddabb93d23a309db5f9e4d22f630771b33d3d81b83c347b3e6a5b603918a-7.raw
Benign,40,12,13.125,0,303.6864193,2088,52.2,12147,303.6864193,0,1064,4246,44,898,1143,101,760,140,402,398,80,117,80,0.038295835,0.056007659,0.038295835,5,6,30,1.25,0,0,0,0,4,2,6,0.0,0.0,0.0,0.0,0.1,0.05,0.15,138,395,222,26,27,118,0,123,88,0,8,Benign,0,Benign,Benign
Benign,32,11,12.34796614,0,278.0264237,1473,46.05918535,8898,296.6281852,0,690,3074,33,746,752,82,656,120,233,304,52,78,52,0.037180634,0.055549326,0.037180634,2,3,12,2.0,6,0,8,6,12,8,14,0.157894737,0.0,0.210526316,0.157894737,0.315789474,0.210526316,0.368421053,138,395,222,26,27,118,0,124,88,0,8,Benign,0,Benign,Benign
Benign,42,12,13.39157281,0,306.2315007,2194,52.24468979,12861,306.2315007,0,1147,4600,46,877,1244,105,780,142,437,403,79,119,79,0.036468099,0.05493296,0.036468099,5,6,30,1.25,0,0,0,0,4,2,6,0.0,0.0,0.0,0.0,0.095238095,0.047619048,0.142857143,138,395,222,26,27,118,0,125,88,0,8,Benign,0,Benign,Benign
Spyware-180solutions-0f4014890cac59e2cce661561f736099f1273e753ff5e964f2a6735bf7401149-3.raw,44,17,9.681818182,0,210.3863636,1664,37.81818182,9257,210.3863636,0,1113,3067,47,694,782,109,655,126,181,268,48,91,48,0.02805377,0.053185272,0.02805377,3,3,18,1.0,0,0,0,0,4,2,6,0.0,0.0,0.0,0.0,0.090909091,0.045454545,0.136363636,138,389,221,26,24,116,0,122,86,0,8,Malware,1,Spyware,Spyware-180solutions-0f4014890cac59e2cce661561f736099f1273e753ff5e964f2a6735bf7401149-3.raw
Benign,40,12,13.49853512,0,300.3147297,2064,51.6,12012,300.3147297,0,1044,4281,44,855,1171,100,751,140,385,371,81,118,81,0.039225182,0.057142857,0.039225182,5,6,30,1.25,1,0,1,1,5,3,7,0.024390244,0.0,0.024390244,0.024390244,0.12195122,0.073170732,0.170731707,138,395,222,26,27,118,0,124,88,0,8,Benign,0,Benign,Benign
Benign,42,12,13.0952381,0,301.6292087,2177,51.83333333,12668,301.6292087,0,1140,4495,46,877,1210,105,772,142,412,402,79,119,79,0.036761284,0.055374593,0.036761284,5,6,30,1.25,1,0,1,1,5,3,7,0.023255814,0.0,0.023255814,0.023255814,0.11627907,0.069767442,0.162790698,138,395,222,26,27,118,0,123,88,0,8,Benign,0,Benign,Benign
Trojan-Zeus-01cf429107499a03111b964fb66d143bededbc0604415cc47a831fa8113a0d0b-6.raw,38,15,10.15789474,0,215.1578947,1500,39.47368421,8176,215.1578947,0,639,2862,41,684,691,98,600,116,176,252,44,81,44,0.029004614,0.053394858,0.029004614,3,3,18,1.0,3,0,3,3,7,5,9,0.073170732,0.0,0.073170732,0.073170732,0.170731707,0.12195122,0.219512195,138,389,221,26,24,116,0,120,86,0,8,Malware,1,Trojan,Trojan-Zeus-01cf429107499a03111b964fb66d143bededbc0604415cc47a831fa8113a0d0b-6.raw
Spyware-CWS-0b887fa71bf1b5d709f81b8576b53062339193ffb452baf61aff516d709bf814-3.raw,41,16,10.14634146,0,210.2682927,1609,39.24390244,8621,210.2682927,0,648,3011,44,673,754,103,640,126,181,268,46,86,46,0.027828191,0.052026618,0.027828191,3,3,18,1.0,4,0,4,4,8,6,10,0.088888889,0.0,0.088888889,0.088888889,0.177777778,0.133333333,0.222222222,138,389,221,26,24,116,0,122,87,0,8,Malware,1,Spyware,Spyware-CWS-0b887fa71bf1b5d709f81b8576b53062339193ffb452baf61aff516d709bf814-3.raw
Benign,44,17,10.29551537,0,242.4628414,1908,42.57052151,10872,248.0173047,0,824,3774,49,913,892,109,724,139,351,341,86,128,86,0.044563338,0.066093339,0.044563338,5,6,30,1.25,7,0,8,7,12,9,14,0.14874692,0.0,0.167733573,0.14874692,0.243680185,0.186720226,0.281653491,138,392,222,26,24,118,0,126,87,0,8,Benign,0,Benign,Benign
Trojan-Reconyc-036a90b2de80289f5e0a5a7d9783ef93-2.raw,43,17,9.860465116,0,202.9069767,1627,37.8372093,8725,202.9069767,0,670,3020,46,684,785,107,674,121,182,265,48,90,48,0.028673835,0.053763441,0.028673835,3,3,18,1.0,2,0,2,2,6,4,8,0.044444444,0.0,0.044444444,0.044444444,0.133333333,0.088888889,0.177777778,138,389,221,26,24,116,0,122,86,0,8,Malware,1,Trojan,Trojan-Reconyc-036a90b2de80289f5e0a5a7d9783ef93-2.raw
Ransomware-Maze-7d4d216ca930a00178f57b14a921d4310116fc109cecd4150bbbc0d87e487453-6.raw,45,17,9.222222222,0,195.6666667,1676,37.24444444,8806,200.1363636,0,696,3013,47,722,745,110,623,128,229,264,45,88,45,0.026362039,0.051552431,0.026362039,3,3,18,1.0,1,0,2,1,6,3,8,0.02173913,0.0,0.043478261,0.02173913,0.130434783,0.065217391,0.173913043,138,389,221,26,24,116,0,121,86,0,8,Malware,1,Ransomware,Ransomware-Maze-7d4d216ca930a00178f57b14a921d4310116fc109cecd4150bbbc0d87e487453-6.raw
Benign,39,12,12.95503455,0,292.5704192,1941,49.76923077,11410,292.5704192,0,1027,4043,43,801,1075,99,723,140,396,329,63,98,63,0.033386328,0.051934287,0.033386328,3,4,18,1.5,0,0,0,0,4,2,6,0.0,0.0,0.0,0.0,0.102564103,0.051282051,0.153846154,138,395,222,26,27,118,0,123,88,0,8,Benign,0,Benign,Benign
Benign,45,12,12.15261867,0,276.0301835,2234,49.15271718,12548,276.0301835,0,1090,4469,49,849,1189,111,768,151,429,383,87,129,87,0.038872162,0.057793424,0.038872162,5,6,34,1.21306214,0,0,0,0,4,2,6,0.0,0.0,0.0,0.0,0.087989102,0.043994551,0.131983653,138,395,222,26,27,118,0,123,88,0,8,Benign,0,Benign,Benign
Trojan-Reconyc-176c80a806954acaefdbdfc6a789f980-8.raw,37,15,10.10810811,0,215.2432432,1446,39.08108108,7964,215.2432432,0,627,2812,40,668,664,92,594,113,162,230,43,79,43,0.029391661,0.053998633,0.029391661,3,3,18,1.0,7,0,7,7,11,9,13,0.159090909,0.0,0.159090909,0.159090909,0.25,0.204545455,0.295454545,138,389,221,26,24,116,0,119,86,0,8,Malware,1,Trojan,Trojan-Reconyc-176c80a806954acaefdbdfc6a789f980-8.raw
Spyware-Transponder-0e84c81704847e44f21a208776d6e5184466fac1c47672947c801cf3106d21db-9.raw,40,16,10.0,0,214.125,1548,38.7,8566,219.6410256,0,851,2893,42,692,719,97,650,119,175,252,44,82,44,0.028205128,0.052564103,0.028205128,61,18559,366,12.2,0,0,1,0,5,2,7,0.0,0.0,0.025,0.0,0.125,0.05,0.175,138,389,221,26,24,116,0,120,87,0,8,Malware,1,Spyware,Spyware-Transponder-0e84c81704847e44f21a208776d6e5184466fac1c47672947c801cf3106d21db-9.raw
Ransomware-Conti-0cf1e7ed6564dea80b3e88e73cd71f98270844e31b5447eb158d2b453d51bebf-2.raw,43,17,9.88372093,0,201.4418605,1635,38.02325581,8662,201.4418605,0,661,3021,46,688,786,106,642,120,178,263,49,91,49,0.029114676,0.054070113,0.029114676,4,4,24,1.0,2,0,2,2,6,4,8,0.044444444,0.0,0.044444444,0.044444444,0.133333333,0.088888889,0.177777778,138,389,221,26,24,116,0,122,86,0,8,Malware,1,Ransomware,Ransomware-Conti-0cf1e7ed6564dea80b3e88e73cd71f98270844e31b5447eb158d2b453d51bebf-2.raw
Trojan-Zeus-1c9cae24b1d615541dd1441f06eaf1108c5fb591dfb207eb1ddcc046ba85db98-3.raw,47,19,9.361702128,0,192.7659574,1727,36.74468085,9061,196.9782609,0,667,3090,49,715,822,112,677,132,189,289,47,92,47,0.026568683,0.052006783,0.026568683,8,80204,48,1.333333333,7,0,8,7,12,9,14,0.12962963,0.0,0.148148148,0.12962963,0.222222222,0.166666667,0.259259259,138,389,221,26,24,116,0,122,86,0,8,Malware,1,Trojan,Trojan-Zeus-1c9cae24b1d615541dd1441f06eaf1108c5fb591dfb207eb1ddcc046ba85db98-3.raw
Trojan-Refroso-69584c1da02762b7a4f7b4ab5d8f33e2-2.raw,41,17,10.43902439,0,212.9756098,1642,40.04878049,8732,212.9756098,0,653,3017,44,672,797,104,664,126,177,266,51,91,51,0.030141844,0.053782506,0.030141844,10,85,60,2.5,0,0,0,0,4,2,7,0.0,0.0,0.0,0.0,0.097560976,0.048780488,0.170731707,138,389,221,26,24,116,0,122,86,0,8,Malware,1,Trojan,Trojan-Refroso-69584c1da02762b7a4f7b4ab5d8f33e2-2.raw
Benign,41,12,12.95042782,0,291.7332907,2031,49.53658537,11961,291.7332907,0,1130,4190,45,814,1156,107,733,144,455,354,65,102,65,0.032844871,0.051541182,0.032844871,3,4,18,1.5,0,0,0,0,4,2,6,0.0,0.0,0.0,0.0,0.097560976,0.048780488,0.146341463,138,395,222,26,27,118,0,122,88,0,8,Benign,0,Benign,Benign
Benign,40,16,10.61181768,0,250.7818517,1745,43.21353761,10130,259.7542794,0,798,3518,44,845,814,99,707,127,315,318,73,110,73,0.041336353,0.062287656,0.041336353,3,4,18,1.5,9,0,11,9,15,11,17,0.192084477,0.0,0.22,0.192084477,0.3,0.232084477,0.34,138,392,222,26,24,118,0,126,87,0,8,Benign,0,Benign,Benign
Trojan-Reconyc-1c4e9a1908f2c6e2257d40a582ab0daf-5.raw,40,16,9.875,0,209.3,1564,39.1,8372,209.3,0,649,2925,43,670,705,101,608,123,178,262,46,85,46,0.028714107,0.053058677,0.028714107,3,3,18,1.0,4,0,4,4,8,6,10,0.090909091,0.0,0.090909091,0.090909091,0.181818182,0.136363636,0.227272727,138,389,221,26,24,116,0,123,86,0,8,Malware,1,Trojan,Trojan-Reconyc-1c4e9a1908f2c6e2257d40a582ab0daf-5.raw
Ransomware-Conti-1a0590175413c49a4c35a225adc5c223e1759c2a64f2e98f1c60953dbdcdec9a-4.raw,44,17,9.295454545,0,197.5227273,1647,37.43181818,8691,197.5227273,0,668,3029,46,687,736,108,650,126,181,268,46,89,46,0.027218935,0.052662722,0.027218935,3,3,18,1.0,0,0,0,0,4,2,7,0.0,0.0,0.0,0.0,0.090909091,0.045454545,0.159090909,138,389,221,26,24,116,0,122,86,0,8,Malware,1,Ransomware,Ransomware-Conti-1a0590175413c49a4c35a225adc5c223e1759c2a64f2e98f1c60953dbdcdec9a-4.raw
Benign,42,12,13.41217846,0,304.0074166,2193,52.22911884,12768,304.0074166,0,1098,4487,46,943,1233,105,772,147,415,430,89,128,89,0.040693514,0.058388614,0.040693514,7,8,42,1.166666667,1,0,1,1,5,3,7,0.023255814,0.0,0.023255814,0.023255814,0.11627907,0.069767442,0.162790698,138,395,222,26,27,118,0,123,88,0,8,Benign,0,Benign,Benign
Ransomware-Maze-90ad41db130a82a3bf67030ec08c0d0523abaaaf6d62c34f2919f8a8b47b7621-2.raw,42,16,10.02380952,0,205.2380952,1618,38.52380952,8620,205.2380952,0,657,3014,45,682,778,105,642,120,177,262,47,88,47,0.028245192,0.052884615,0.028245192,4,4,24,1.0,2,0,2,2,6,4,8,0.045454545,0.0,0.045454545,0.045454545,0.136363636,0.090909091,0.181818182,138,389,221,26,24,116,0,122,87,0,8,Malware,1,Ransomware,Ransomware-Maze-90ad41db130a82a3bf67030ec08c0d0523abaaaf6d62c34f2919f8a8b47b7621-2.raw
Ransomware-Shade-85c9fa2cc5c20e92aedd2a0e27415cada48a7f8945f4fbaf29864c2a8fe19523-3.raw,44,17,9.659090909,0,200.8409091,1682,38.22727273,8837,200.8409091,0,666,3082,47,691,781,109,653,126,182,269,48,91,48,0.027761712,0.052631579,0.027761712,3,3,18,1.0,3,0,3,3,7,5,9,0.063829787,0.0,0.063829787,0.063829787,0.14893617,0.106382979,0.191489362,138,389,221,26,24,116,0,122,86,0,8,Malware,1,Ransomware,Ransomware-Shade-85c9fa2cc5c20e92aedd2a0e27415cada48a7f8945f4fbaf29864c2a8fe19523-3.raw
Spyware-CWS-0d10b19f0ce96a0f35bf7d128481222df2fc0c7a4a6cbe0d6df5500bda9432fd-1.raw,39,15,11.48717949,0,221.3333333,1569,40.23076923,8632,221.3333333,0,647,3010,42,655,835,99,640,120,177,259,47,85,47,0.029102167,0.052631579,0.029102167,3,3,18,1.0,5,0,5,5,9,7,11,0.113636364,0.0,0.113636364,0.113636364,0.204545455,0.159090909,0.25,138,389,221,26,24,116,0,123,87,0,8,Malware,1,Spyware,Spyware-CWS-0d10b19f0ce96a0f35bf7d128481222df2fc0c7a4a6cbe0d6df5500bda9432fd-1.raw
Ransomware-Pysa-1a7eb81730fb8d4a7f688452e133e2f8d66cb66a051c241022b27d73ffa4b72f-1.raw,39,15,11.43589744,0,221.4102564,1566,40.15384615,8635,221.4102564,0,645,3014,42,659,832,99,640,120,177,260,48,86,48,0.029758215,0.053316801,0.029758215,3,3,18,1.0,4,0,4,4,8,6,10,0.093023256,0.0,0.093023256,0.093023256,0.186046512,0.139534884,0.23255814,138,389,221,26,24,116,0,122,86,0,8,Malware,1,Ransomware,Ransomware-Pysa-1a7eb81730fb8d4a7f688452e133e2f8d66cb66a051c241022b27d73ffa4b72f-1.raw
Benign,43,17,11.37028843,0,268.1631333,2017,46.3099907,11685,271.7472797,0,914,3976,48,1014,979,107,776,139,375,420,89,130,89,0.043429607,0.063545412,0.043429607,7,9,47,1.442223695,8,0,9,8,13,10,15,0.159535626,0.0,0.170040408,0.159535626,0.247245952,0.198138397,0.285848723,138,392,222,26,24,118,0,125,87,0,8,Benign,0,Benign,Benign
Benign,46,18,10.3312844,0,249.6998157,2095,45.51188901,11498,255.0232235,0,897,3927,48,975,968,109,758,137,367,383,88,131,88,0.041493419,0.061716718,0.041493419,7,27,43,1.753758997,6,0,8,6,12,8,15,0.126117817,0.0,0.162151479,0.126117817,0.238057778,0.164070966,0.294027757,138,392,222,26,24,118,0,125,87,0,8,Benign,0,Benign,Benign
Spyware-Transponder-1b3db282a06d549d7a16f2b2e2b4a69c29e110a0d094218d7c735ca013c84f45-9.raw,37,15,10.24324324,0,215.7837838,1452,39.24324324,7984,215.7837838,0,632,2823,40,667,670,92,594,113,162,230,42,78,42,0.028629857,0.053169734,0.028629857,3,3,18,1.0,0,0,0,0,4,2,6,0.0,0.0,0.0,0.0,0.108108108,0.054054054,0.162162162,138,389,221,26,24,116,0,120,87,0,8,Malware,1,Spyware,Spyware-Transponder-1b3db282a06d549d7a16f2b2e2b4a69c29e110a0d094218d7c735ca013c84f45-9.raw
Benign,30,11,12.90992289,0,288.136898,1450,48.36008811,8645,298.1071359,0,676,2974,32,681,743,78,657,118,221,283,49,75,49,0.035073852,0.05345845,0.035073852,2,3,12,2.0,4,0,5,4,9,6,11,0.122565218,0.0,0.151813044,0.122565218,0.268804348,0.18106087,0.3273,138,395,222,26,27,118,0,123,88,0,8,Benign,0,Benign,Benign
Benign,44,16,11.91042653,0,281.0541928,2183,49.6187301,12366,281.0541928,0,955,4051,47,1138,1051,107,828,142,395,467,104,147,104,0.046308162,0.065410986,0.046308162,13,70,81,1.798128889,1,0,1,1,5,3,6,0.02867253,0.0,0.02867253,0.02867253,0.116975027,0.072823778,0.148608161,138,392,222,26,24,118,0,124,87,0,8,Benign,0,Benign,Benign
Spyware-CWS-0d741ac5b02bc53def0ee146fd460ba45cb0d453ccc7ffec0596981eb60600d1-5.raw,40,16,9.875,0,209.325,1560,39.0,8373,209.325,0,646,2929,43,669,706,101,606,123,178,264,47,86,47,0.029393371,0.053783615,0.029393371,3,3,18,1.0,4,0,4,4,8,6,10,0.090909091,0.0,0.090909091,0.090909091,0.181818182,0.136363636,0.227272727,138,389,221,26,24,116,0,122,87,0,8,Malware,1,Spyware,Spyware-CWS-0d741ac5b02bc53def0ee146fd460ba45cb0d453ccc7ffec0596981eb60600d1-5.raw
Benign,43,12,12.77171155,0,292.9130453,2121,49.3255814,12595,292.9130453,0,1121,4695,47,794,1196,110,745,141,446,357,69,110,69,0.0331253,0.052808449,0.0331253,3,4,18,1.5,0,0,0,0,4,2,6,0.0,0.0,0.0,0.0,0.093023256,0.046511628,0.139534884,138,395,222,26,27,118,0,124,88,0,8,Benign,0,Benign,Benign
Spyware-Gator-01f45f4b9ea8e1de49e80d5afc9c3000e1ba723ec78f72023b9f67bf207b8a36-6.raw,39,15,9.897435897,0,209.7692308,1520,38.97435897,8181,209.7692308,0,635,2877,42,656,687,100,598,119,175,257,44,82,44,0.028405423,0.052937379,0.028405423,3,3,18,1.0,6,0,6,6,10,8,12,0.133333333,0.0,0.133333333,0.133333333,0.222222222,0.177777778,0.266666667,138,389,221,26,24,116,0,120,86,0,8,Malware,1,Spyware,Spyware-Gator-01f45f4b9ea8e1de49e80d5afc9c3000e1ba723ec78f72023b9f67bf207b8a36-6.raw
Benign,41,12,13.41463415,0,304.6241492,2161,52.70731707,12489,304.6241492,0,1083,4352,45,912,1205,103,771,143,421,414,89,127,89,0.040994933,0.058498388,0.040994933,6,7,36,1.2,0,0,0,0,4,2,6,0.0,0.0,0.0,0.0,0.097560976,0.048780488,0.146341463,138,395,222,26,27,118,0,123,88,0,8,Benign,0,Benign,Benign
Spyware-Gator-0f15af14ffac665fc3eb8a07f73619bc5502902a4c52df2973a99673444dcf94-1.raw,45,18,10.51111111,0,201.4666667,1685,37.44444444,9067,206.0681818,0,677,3107,47,697,886,109,678,129,191,270,57,100,57,0.032758621,0.057471264,0.032758621,3,3,18,1.0,0,0,1,0,5,2,7,0.0,0.0,0.022222222,0.0,0.111111111,0.044444444,0.155555556,138,389,221,26,24,116,0,122,86,0,8,Malware,1,Spyware,Spyware-Gator-0f15af14ffac665fc3eb8a07f73619bc5502902a4c52df2973a99673444dcf94-1.raw
Benign,41,13,13.42344985,0,293.7026151,2069,50.46341463,12041,293.7026151,0,1053,4182,45,855,1173,106,733,142,401,375,60,98,60,0.029268293,0.047804878,0.029268293,4,5,24,1.333333333,1,0,1,1,5,3,6,0.023809524,0.0,0.023809524,0.023809524,0.119047619,0.071428571,0.142857143,138,395,222,26,27,118,0,123,88,0,8,Benign,0,Benign,Benign
Benign,42,13,13.35459586,0,295.8515395,2100,50.0,12425,295.8515395,0,1145,4452,46,818,1226,105,750,146,459,351,72,110,72,0.035036496,0.053527981,0.035036496,4,5,24,1.333333333,0,0,0,0,4,2,6,0.0,0.0,0.0,0.0,0.095238095,0.047619048,0.142857143,138,395,222,26,27,118,0,123,88,0,8,Benign,0,Benign,Benign
Spyware-180solutions-0aaf4bf4a7af0b1571c4a0f4a5f7bd644e1907a94ca1121d123701780f6bddae-8.raw,37,15,10.08108108,0,215.2702703,1445,39.05405405,7965,215.2702703,0,627,2811,40,673,662,92,594,113,164,230,42,78,42,0.028767123,0.053424658,0.028767123,3,3,18,1.0,1,0,1,1,5,3,7,0.026315789,0.0,0.026315789,0.026315789,0.131578947,0.078947368,0.184210526,138,389,221,26,24,116,0,119,86,0,8,Malware,1,Spyware,Spyware-180solutions-0aaf4bf4a7af0b1571c4a0f4a5f7bd644e1907a94ca1121d123701780f6bddae-8.raw
Benign,41,13,14.07813255,0,313.0157231,2117,51.63414634,12833,313.0157231,0,1151,4669,45,827,1271,103,769,139,445,397,69,108,69,0.033189033,0.051948052,0.033189033,5,7,30,1.666666667,0,0,0,0,4,2,6,0.0,0.0,0.0,0.0,0.097560976,0.048780488,0.146341463,138,395,222,26,27,118,0,124,88,0,8,Benign,0,Benign,Benign
